date,channel,segment,spend,impressions,clicks,conversions,revenue
2025-01-01,Email,Returning,150.3,12088,465,7,558.12
2025-01-01,Email,VIP,156.23,12701,435,5,894.05
2025-01-01,Paid Search,Returning,432.92,12282,483,4,347.54
2025-01-01,Social,Returning,172.34,22391,215,1,91.12
2025-01-01,Social,VIP,258.93,33861,348,7,1098.02
2025-01-01,Social,Dormant,224.51,29339,297,0,0.0
2025-01-01,Display,Returning,108.65,38186,160,0,0.0
2025-01-01,Display,VIP,232.84,81420,335,2,308.67
2025-01-02,Email,Dormant,137.62,10895,359,1,40.97
2025-01-02,Paid Search,New,346.54,9760,400,6,235.48
2025-01-02,Paid Search,Returning,201.74,5693,258,6,398.24
2025-01-02,Paid Search,VIP,225.6,6439,257,9,1198.74
2025-01-02,Social,VIP,221.45,28829,279,1,196.86
2025-01-02,Social,Dormant,244.86,31567,292,1,34.17
2025-01-02,Display,Returning,115.78,40513,154,1,86.91
2025-01-02,Display,Dormant,195.05,68139,292,1,46.44
2025-01-03,Email,New,87.95,6915,235,3,169.36
2025-01-03,Email,Returning,103.31,8189,301,5,473.03
2025-01-03,Email,VIP,158.69,12625,418,6,821.72
2025-01-03,Email,Dormant,81.79,6660,247,2,82.9
2025-01-03,Paid Search,New,341.18,9626,334,2,155.28
2025-01-03,Paid Search,Returning,267.42,7512,300,7,517.5
2025-01-03,Paid Search,VIP,285.64,7883,304,12,1410.61
2025-01-03,Paid Search,Dormant,271.39,7655,308,5,204.23
2025-01-03,Social,New,297.21,38730,368,0,0.0
2025-01-03,Social,VIP,226.05,29347,292,7,783.57
2025-01-03,Display,New,258.45,90781,356,2,98.95
2025-01-03,Display,Returning,252.17,88390,368,1,64.24
2025-01-03,Display,Dormant,126.66,44387,187,0,0.0
2025-01-04,Email,New,107.19,8468,295,1,49.22
2025-01-04,Email,Dormant,133.36,10670,386,1,79.0
2025-01-04,Paid Search,New,480.96,13439,537,4,279.18
2025-01-04,Paid Search,Returning,346.48,9551,388,5,380.34
2025-01-04,Paid Search,VIP,466.49,13050,551,15,1583.42
2025-01-04,Paid Search,Dormant,503.7,14058,566,5,210.44
2025-01-04,Social,VIP,313.2,40736,413,7,1064.07
2025-01-04,Social,Dormant,296.04,38301,399,2,104.58
2025-01-04,Display,Returning,112.32,39501,178,1,70.22
2025-01-05,Email,New,131.47,10601,376,6,371.4
2025-01-05,Email,Returning,186.84,15003,509,5,419.07
2025-01-05,Email,Dormant,92.62,7363,235,1,43.89
2025-01-05,Social,New,220.76,29089,304,0,0.0
2025-01-05,Social,VIP,325.87,42581,434,6,999.48
2025-01-05,Display,New,90.01,31744,138,4,192.7
2025-01-05,Display,VIP,192.81,67167,249,3,426.7
2025-01-05,Display,Dormant,230.86,80887,306,0,0.0
2025-01-06,Paid Search,New,238.16,6560,252,5,244.18
2025-01-06,Paid Search,VIP,269.45,7572,332,16,1664.11
2025-01-06,Paid Search,Dormant,250.21,6996,291,1,58.6
2025-01-06,Social,New,141.26,18444,195,1,83.32
2025-01-06,Social,Returning,230.83,29908,309,2,135.44
2025-01-06,Social,VIP,118.12,15289,157,1,123.74
2025-01-06,Display,Dormant,162.58,56936,245,0,0.0
2025-01-07,Email,VIP,114.02,9212,332,4,685.43
2025-01-07,Paid Search,New,275.31,7666,297,0,0.0
2025-01-07,Paid Search,VIP,392.42,11018,423,26,4254.4
2025-01-07,Paid Search,Dormant,344.92,9718,423,2,96.42
2025-01-07,Social,New,178.95,23287,241,0,0.0
2025-01-07,Social,Returning,351.79,45481,486,3,272.63
2025-01-07,Social,VIP,310.43,40352,384,8,1157.75
2025-01-07,Display,Returning,133.01,46577,199,2,240.37
2025-01-07,Display,VIP,164.16,57515,231,2,251.14
2025-01-07,Display,Dormant,198.99,69746,288,0,0.0
2025-01-08,Email,New,126.96,10185,345,3,123.34
2025-01-08,Email,VIP,111.25,9046,352,11,1903.42
2025-01-08,Paid Search,New,233.35,6570,304,5,197.63
2025-01-08,Paid Search,Returning,264.2,7395,286,5,356.37
2025-01-08,Paid Search,VIP,248.52,7046,297,7,1100.59
2025-01-08,Display,New,149.72,52482,195,1,60.43
2025-01-08,Display,Returning,159.09,55799,237,3,221.31
2025-01-08,Display,Dormant,165.19,58155,226,1,51.75
2025-01-09,Email,Returning,108.45,8559,315,7,810.38
2025-01-09,Email,VIP,197.92,15594,526,13,2485.15
2025-01-09,Email,Dormant,72.23,5837,192,0,0.0
2025-01-09,Paid Search,Returning,138.98,3907,162,2,171.58
2025-01-09,Paid Search,Dormant,340.3,9618,390,8,324.36
2025-01-09,Social,Dormant,278.9,35972,381,4,152.57
2025-01-09,Display,New,89.73,31063,135,0,0.0
2025-01-09,Display,Returning,246.59,86478,347,2,159.56
2025-01-09,Display,VIP,131.95,46176,182,3,441.43
2025-01-09,Display,Dormant,90.81,31773,128,1,35.82
2025-01-10,Email,New,137.25,10857,353,0,0.0
2025-01-10,Email,Returning,73.81,5931,215,4,326.4
2025-01-10,Paid Search,New,268.34,7618,334,5,393.0
2025-01-10,Paid Search,Returning,227.59,6330,274,5,463.81
2025-01-10,Paid Search,VIP,332.29,9261,352,14,2967.55
2025-01-10,Paid Search,Dormant,323.87,9094,345,1,45.55
2025-01-10,Social,Returning,214.8,27704,298,0,0.0
2025-01-10,Social,VIP,247.4,32361,346,9,1360.55
2025-01-10,Display,Returning,201.69,70771,287,0,0.0
2025-01-10,Display,VIP,154.74,53794,213,1,119.43
2025-01-10,Display,Dormant,277.08,97361,383,1,45.26
2025-01-11,Email,New,115.84,9337,300,4,183.97
2025-01-11,Email,Returning,184.15,14821,574,8,628.17
2025-01-11,Email,VIP,133.91,10745,376,13,1768.05
2025-01-11,Email,Dormant,121.12,9660,322,1,51.42
2025-01-11,Paid Search,New,194.63,5507,226,1,50.7
2025-01-11,Paid Search,Returning,295.84,8064,344,5,382.71
2025-01-11,Display,New,196.3,68554,252,1,49.19
2025-01-11,Display,Returning,182.1,63451,258,1,58.84
2025-01-11,Display,VIP,185.62,65181,284,2,241.9
2025-01-11,Display,Dormant,202.77,70932,302,1,59.11
2025-01-12,Email,New,109.08,8916,307,2,106.33
2025-01-12,Email,Returning,111.92,8832,269,6,510.66
2025-01-12,Email,Dormant,116.88,9046,346,2,114.42
2025-01-12,Paid Search,New,269.64,7639,323,7,305.14
2025-01-12,Paid Search,Returning,452.57,12776,483,9,704.37
2025-01-12,Paid Search,VIP,199.21,5529,237,5,734.24
2025-01-12,Paid Search,Dormant,360.98,10054,403,4,196.71
2025-01-12,Social,Returning,235.68,30729,294,5,376.51
2025-01-12,Social,Dormant,342.89,44494,445,2,92.21
2025-01-12,Display,Returning,176.83,61777,263,0,0.0
2025-01-13,Email,New,82.85,6550,245,2,111.15
2025-01-13,Email,Returning,108.47,8617,329,4,209.92
2025-01-13,Paid Search,New,299.58,8362,321,6,401.95
2025-01-13,Paid Search,Returning,382.03,10821,444,9,618.18
2025-01-13,Paid Search,VIP,255.31,7298,326,14,2146.56
2025-01-13,Paid Search,Dormant,198.46,5498,224,2,87.28
2025-01-13,Social,New,191.84,25135,241,2,146.86
2025-01-13,Social,Returning,207.38,26731,261,3,213.43
2025-01-13,Social,Dormant,210.24,27482,253,0,0.0
2025-01-13,Display,Returning,228.48,79527,363,2,180.91
2025-01-13,Display,VIP,210.37,73514,304,4,568.27
2025-01-13,Display,Dormant,167.47,58321,233,0,0.0
2025-01-14,Email,New,120.11,9591,314,4,215.71
2025-01-14,Email,Returning,63.96,5192,190,2,207.03
2025-01-14,Email,VIP,121.35,9709,350,6,807.35
2025-01-14,Paid Search,New,345.75,9577,388,11,638.91
2025-01-14,Paid Search,VIP,310.12,8806,340,10,1109.6
2025-01-14,Social,Dormant,197.27,25691,255,2,65.35
2025-01-14,Display,Returning,200.9,70331,287,0,0.0
2025-01-14,Display,VIP,163.71,57400,251,2,284.99
2025-01-14,Display,Dormant,321.53,112617,482,0,0.0
2025-01-15,Email,New,136.12,10757,380,1,86.8
2025-01-15,Email,Returning,156.57,12422,472,3,167.09
2025-01-15,Email,Dormant,178.57,14378,493,0,0.0
2025-01-15,Paid Search,New,252.34,7084,260,3,167.88
2025-01-15,Paid Search,Returning,236.52,6516,266,8,523.85
2025-01-15,Paid Search,VIP,255.82,7146,253,8,878.49
2025-01-15,Paid Search,Dormant,472.87,13228,550,3,133.96
2025-01-15,Social,New,190.37,24853,241,2,107.49
2025-01-15,Display,Returning,278.04,97218,421,0,0.0
2025-01-15,Display,Dormant,257.51,90486,387,2,69.03
2025-01-16,Email,Returning,153.66,12216,415,5,473.69
2025-01-16,Paid Search,New,224.57,6395,236,3,156.92
2025-01-16,Paid Search,Dormant,130.37,3636,149,2,86.42
2025-01-16,Social,New,140.91,18394,166,1,57.57
2025-01-16,Social,Returning,240.21,31070,308,1,95.33
2025-01-16,Social,VIP,248.94,32441,342,5,818.83
2025-01-16,Social,Dormant,161.4,21352,199,2,85.56
2025-01-16,Display,VIP,223.52,78540,310,4,570.29
2025-01-16,Display,Dormant,236.95,82647,389,2,109.04
2025-01-17,Paid Search,New,334.67,9383,345,4,212.87
2025-01-17,Paid Search,Returning,308.6,8491,333,10,1075.02
2025-01-17,Paid Search,VIP,344.62,9563,344,10,1405.89
2025-01-17,Paid Search,Dormant,258.86,7165,314,3,149.59
2025-01-17,Display,New,139.39,48599,193,1,45.83
2025-01-17,Display,Returning,237.29,83242,282,0,0.0
2025-01-17,Display,VIP,175.55,61398,253,2,322.43
2025-01-18,Email,New,114.93,9186,343,4,215.42
2025-01-18,Email,VIP,115.96,9394,323,8,1038.11
2025-01-18,Email,Dormant,137.74,11124,367,1,31.6
2025-01-18,Paid Search,New,420.44,11812,499,3,123.29
2025-01-18,Paid Search,Returning,500.47,13940,513,9,547.11
2025-01-18,Paid Search,VIP,316.53,8810,356,8,962.25
2025-01-18,Social,VIP,185.63,24009,234,3,295.25
2025-01-18,Display,New,187.29,65221,263,0,0.0
2025-01-18,Display,VIP,163.76,57394,247,0,0.0
2025-01-18,Display,Dormant,212.63,74473,307,0,0.0
2025-01-19,Paid Search,New,322.1,8953,312,4,245.64
2025-01-19,Paid Search,Returning,187.48,5229,192,2,188.1
2025-01-19,Paid Search,VIP,266.71,7361,299,9,1069.73
2025-01-19,Paid Search,Dormant,373.42,10436,406,3,100.94
2025-01-19,Social,New,221.95,28888,283,2,122.8
2025-01-19,Social,Returning,212.26,27718,280,2,121.25
2025-01-19,Display,VIP,198.19,69831,269,1,140.92
2025-01-19,Display,Dormant,209.64,73626,299,0,0.0
2025-01-20,Email,New,287.66,23189,805,7,448.37
2025-01-20,Email,Returning,127.13,10290,370,7,438.76
2025-01-20,Paid Search,New,326.59,9336,364,5,204.91
2025-01-20,Paid Search,Dormant,364.42,10123,410,3,117.5
2025-01-20,Social,Returning,258.4,33687,318,6,557.88
2025-01-20,Display,New,174.54,61071,236,2,116.38
2025-01-20,Display,VIP,111.45,39281,159,2,322.69
2025-01-21,Email,New,76.5,6169,235,1,49.39
2025-01-21,Email,Returning,115.02,9407,315,6,431.56
2025-01-21,Email,VIP,135.71,10947,395,14,1902.67
2025-01-21,Paid Search,Returning,530.94,14849,565,14,710.48
2025-01-21,Paid Search,Dormant,221.4,6321,262,1,55.49
2025-01-21,Social,New,180.34,23248,236,2,108.02
2025-01-21,Social,VIP,142.74,18536,200,5,766.89
2025-01-21,Social,Dormant,342.7,44791,453,0,0.0
2025-01-21,Display,New,235.29,82511,325,1,62.37
2025-01-22,Email,New,84.32,6788,228,1,43.12
2025-01-22,Email,Returning,91.12,7352,266,4,246.97
2025-01-22,Email,VIP,167.9,13644,484,13,2292.56
2025-01-22,Email,Dormant,57.78,4741,160,1,47.8
2025-01-22,Paid Search,New,182.41,5167,192,1,49.14
2025-01-22,Paid Search,Returning,296.45,8254,325,4,352.03
2025-01-22,Paid Search,VIP,303.59,8422,340,13,2227.1
2025-01-22,Social,New,203.44,26648,259,3,188.8
2025-01-22,Social,Returning,351.17,45853,454,5,407.1
2025-01-22,Social,Dormant,342.79,44460,444,3,103.88
2025-01-22,Display,New,181.77,63658,263,1,51.8
2025-01-22,Display,Returning,207.58,72715,303,2,182.42
2025-01-22,Display,VIP,274.98,96541,380,7,974.95
2025-01-22,Display,Dormant,233.82,81970,325,1,52.07
2025-01-23,Email,New,184.03,14619,502,1,36.81
2025-01-23,Paid Search,VIP,237.18,6665,261,9,1478.03
2025-01-23,Paid Search,Dormant,217.25,6223,218,0,0.0
2025-01-23,Display,New,75.02,26310,108,0,0.0
2025-01-23,Display,Returning,244.94,86073,360,5,326.37
2025-01-23,Display,VIP,224.23,78237,275,2,413.49
2025-01-23,Display,Dormant,127.02,44291,143,0,0.0
2025-01-24,Email,New,69.87,5628,188,2,115.53
2025-01-24,Email,Returning,98.62,7895,267,4,284.61
2025-01-24,Email,Dormant,110.63,8741,298,0,0.0
2025-01-24,Paid Search,New,279.51,7768,328,5,188.32
2025-01-24,Paid Search,Returning,481.21,13460,534,10,683.63
2025-01-24,Paid Search,VIP,318.4,8873,331,17,2670.93
2025-01-24,Social,Returning,241.0,31397,317,1,60.4
2025-01-24,Social,Dormant,157.65,20658,200,1,44.91
2025-01-24,Display,Returning,178.49,62071,213,4,328.42
2025-01-24,Display,VIP,120.65,42198,183,2,389.72
2025-01-24,Display,Dormant,219.38,76520,293,0,0.0
2025-01-25,Email,New,213.24,17047,608,3,168.41
2025-01-25,Email,Returning,151.04,12081,406,2,179.79
2025-01-25,Paid Search,Dormant,325.59,9122,351,0,0.0
2025-01-25,Social,New,198.54,25578,267,1,42.53
2025-01-25,Social,Returning,223.58,28986,293,1,82.58
2025-01-25,Display,New,156.42,54620,241,2,128.69
2025-01-25,Display,Returning,141.4,49675,177,2,144.43
2025-01-26,Email,New,127.86,10204,371,2,104.44
2025-01-26,Email,VIP,128.0,10219,369,6,894.97
2025-01-26,Email,Dormant,232.63,18636,636,1,47.97
2025-01-26,Paid Search,Returning,271.55,7482,281,6,578.88
2025-01-26,Paid Search,VIP,311.68,8659,319,15,2537.35
2025-01-26,Paid Search,Dormant,235.32,6642,269,9,454.74
2025-01-26,Social,Returning,263.78,33989,343,3,226.04
2025-01-26,Social,VIP,243.26,31491,316,6,1375.57
2025-01-26,Display,New,133.25,46800,184,0,0.0
2025-01-26,Display,Returning,136.13,47563,201,0,0.0
2025-01-26,Display,VIP,141.03,49382,197,5,707.12
2025-01-27,Email,Returning,105.34,8416,317,5,392.23
2025-01-27,Social,Returning,230.19,29772,316,1,61.85
2025-01-27,Social,Dormant,160.85,21115,212,3,114.9
2025-01-27,Display,Returning,208.65,72356,280,1,98.37
2025-01-27,Display,VIP,198.85,69546,270,1,165.03
2025-01-27,Display,Dormant,216.05,75840,334,0,0.0
2025-01-28,Email,New,124.66,9877,351,2,137.2
2025-01-28,Email,Returning,137.7,11075,386,2,174.95
2025-01-28,Email,VIP,172.14,13697,446,13,1761.82
2025-01-28,Email,Dormant,103.59,8396,306,2,132.54
2025-01-28,Paid Search,New,441.9,12242,471,9,546.64
2025-01-28,Paid Search,VIP,338.76,9448,390,12,1804.22
2025-01-28,Paid Search,Dormant,350.3,9938,378,5,164.94
2025-01-28,Social,New,217.79,28439,289,1,52.96
2025-01-28,Social,Dormant,178.77,23037,234,1,46.81
2025-01-28,Display,Returning,188.29,65748,228,4,298.23
2025-01-28,Display,VIP,384.72,134118,568,10,1203.62
2025-01-28,Display,Dormant,173.91,60488,228,1,45.39
2025-01-29,Paid Search,New,368.34,10566,443,7,260.1
2025-01-29,Paid Search,Returning,182.33,5113,227,4,281.32
2025-01-29,Display,New,138.82,48255,192,1,45.93
2025-01-29,Display,VIP,116.81,41099,179,2,188.36
2025-01-30,Email,New,191.04,15004,521,8,438.52
2025-01-30,Email,Returning,76.01,6044,207,4,262.88
2025-01-30,Email,VIP,161.77,13142,468,8,1413.67
2025-01-30,Email,Dormant,107.2,8626,309,0,0.0
2025-01-30,Paid Search,Returning,308.17,8619,347,5,307.61
2025-01-30,Paid Search,VIP,210.0,5890,226,7,1053.39
2025-01-30,Social,New,242.73,31828,329,2,128.11
2025-01-30,Social,Returning,379.4,49376,516,5,408.66
2025-01-30,Social,VIP,332.6,43080,413,5,874.16
2025-01-30,Social,Dormant,305.16,39670,345,2,100.53
2025-01-30,Display,New,243.61,85416,347,1,48.77
2025-01-30,Display,Returning,192.06,67263,277,2,153.26
2025-01-30,Display,Dormant,211.88,73678,279,0,0.0
2025-01-31,Email,New,141.2,11383,430,2,92.52
2025-01-31,Email,Returning,144.29,11516,400,1,75.16
2025-01-31,Email,Dormant,139.41,11107,377,2,106.46
2025-01-31,Social,Returning,309.11,40225,421,3,378.13
2025-01-31,Social,VIP,342.29,44796,461,8,1545.86
2025-01-31,Display,New,240.65,84458,354,3,218.76
2025-02-01,Email,Returning,148.62,11970,455,6,590.78
2025-02-01,Email,VIP,183.26,14625,505,14,2019.07
2025-02-01,Email,Dormant,80.5,6433,233,1,39.29
2025-02-01,Paid Search,New,396.59,11212,435,8,459.01
2025-02-01,Paid Search,VIP,450.21,12516,494,24,3560.13
2025-02-01,Social,VIP,316.04,41348,428,10,1238.74
2025-02-01,Social,Dormant,209.91,27151,271,0,0.0
2025-02-01,Display,Returning,178.89,62651,254,1,74.63
2025-02-02,Email,New,106.44,8649,298,2,100.24
2025-02-02,Email,Returning,111.68,8942,339,6,614.22
2025-02-02,Email,Dormant,97.56,7723,293,0,0.0
2025-02-02,Paid Search,Returning,294.35,8327,337,10,949.61
2025-02-02,Paid Search,VIP,385.44,11014,446,26,4143.03
2025-02-02,Social,Returning,215.12,27895,294,1,98.48
2025-02-02,Social,VIP,231.91,30074,296,4,867.12
2025-02-02,Social,Dormant,154.89,20168,198,1,73.58
2025-02-02,Display,New,139.36,48836,197,1,67.8
2025-02-02,Display,Returning,171.22,60249,242,1,81.84
2025-02-02,Display,Dormant,218.02,76133,275,3,121.34
2025-02-03,Email,New,101.99,8250,284,2,133.49
2025-02-03,Paid Search,New,661.3,18491,746,10,680.69
2025-02-03,Paid Search,Returning,308.62,8608,338,5,391.41
2025-02-03,Social,New,269.43,34980,362,2,133.55
2025-02-03,Social,Returning,163.87,21576,229,0,0.0
2025-02-03,Social,VIP,197.22,25594,250,2,350.64
2025-02-03,Social,Dormant,283.32,36666,308,0,0.0
2025-02-04,Email,New,161.05,12778,456,7,403.18
2025-02-04,Email,VIP,114.11,9416,361,9,1205.1
2025-02-04,Email,Dormant,151.92,12140,404,0,0.0
2025-02-04,Paid Search,Returning,311.57,8771,357,7,1032.61
2025-02-04,Social,New,348.08,45542,470,1,37.65
2025-02-04,Social,Returning,112.26,14490,144,1,95.66
2025-02-04,Display,Returning,209.85,73125,307,0,0.0
2025-02-04,Display,VIP,148.63,51676,202,1,134.09
2025-02-05,Email,New,102.14,8211,249,3,183.96
2025-02-05,Paid Search,Returning,537.63,15091,617,12,1004.04
2025-02-05,Social,Returning,279.74,36400,392,8,810.06
2025-02-05,Display,New,105.94,36757,166,0,0.0
2025-02-05,Display,Returning,173.01,60751,235,4,253.25
2025-02-05,Display,VIP,164.78,57849,247,1,155.63
2025-02-06,Email,Returning,131.48,10318,337,5,600.49
2025-02-06,Email,VIP,163.35,13113,454,17,2179.82
2025-02-06,Paid Search,Returning,292.03,8038,325,4,439.45
2025-02-06,Paid Search,VIP,454.36,12704,531,18,2316.27
2025-02-06,Paid Search,Dormant,603.71,16885,710,6,333.78
2025-02-06,Social,New,274.66,35441,364,2,135.9
2025-02-06,Display,VIP,203.07,70627,289,6,685.91
2025-02-07,Email,Dormant,133.57,10625,372,1,40.78
2025-02-07,Paid Search,New,268.2,7413,297,2,91.25
2025-02-07,Paid Search,Returning,293.26,8262,321,3,225.31
2025-02-07,Social,Returning,201.66,26158,239,0,0.0
2025-02-07,Display,VIP,179.52,62902,251,2,314.09
2025-02-07,Display,Dormant,156.29,55359,208,1,54.28
2025-02-08,Email,New,207.55,16642,594,10,448.86
2025-02-08,Email,Returning,151.69,12092,415,3,185.29
2025-02-08,Email,VIP,128.77,10127,371,6,787.64
2025-02-08,Email,Dormant,93.71,7548,265,0,0.0
2025-02-08,Social,VIP,223.45,28710,280,6,1002.13
2025-02-08,Display,New,446.97,156244,667,4,183.43
2025-02-08,Display,Returning,172.91,60507,232,0,0.0
2025-02-08,Display,VIP,212.08,74054,282,3,397.55
2025-02-08,Display,Dormant,126.02,44140,171,0,0.0
2025-02-09,Email,New,134.49,10859,376,0,0.0
2025-02-09,Email,VIP,107.8,8580,284,11,1612.22
2025-02-09,Social,Returning,200.69,26006,232,1,98.12
2025-02-09,Social,VIP,222.74,29019,280,4,461.07
2025-02-09,Display,New,243.11,85086,308,1,54.31
2025-02-09,Display,Dormant,116.41,40373,134,0,0.0
2025-02-10,Email,New,84.95,6672,246,2,117.67
2025-02-10,Paid Search,New,423.52,11860,418,1,48.32
2025-02-10,Paid Search,Returning,230.63,6463,256,4,290.1
2025-02-10,Paid Search,VIP,131.49,3682,153,7,1013.38
2025-02-10,Paid Search,Dormant,168.8,4544,192,2,127.55
2025-02-10,Social,VIP,176.17,22939,234,5,718.13
2025-02-10,Social,Dormant,189.65,24883,263,1,41.2
2025-02-10,Display,New,212.31,74274,282,3,181.79
2025-02-10,Display,Returning,132.99,46576,197,0,0.0
2025-02-10,Display,Dormant,147.22,51939,193,1,52.58
2025-02-11,Email,Returning,143.03,11586,424,5,274.33
2025-02-11,Email,Dormant,110.29,8621,292,2,104.86
2025-02-11,Paid Search,VIP,279.8,7810,336,16,2610.48
2025-02-11,Social,Dormant,321.05,41772,436,2,93.96
2025-02-11,Display,New,208.23,72775,285,2,104.53
2025-02-12,Email,New,99.98,8176,261,2,96.23
2025-02-12,Email,Returning,136.36,10989,407,4,226.56
2025-02-12,Email,VIP,87.65,7024,257,8,1087.03
2025-02-12,Paid Search,Returning,411.31,11637,475,7,555.5
2025-02-12,Social,New,197.59,25790,249,1,70.32
2025-02-12,Social,Returning,212.52,27736,275,3,266.58
2025-02-13,Email,Returning,98.7,7968,296,3,243.09
2025-02-13,Email,VIP,167.22,13243,490,4,437.32
2025-02-13,Email,Dormant,214.81,17307,638,2,85.99
2025-02-13,Paid Search,New,309.31,8581,351,11,794.51
2025-02-13,Social,New,200.87,26014,255,2,105.21
2025-02-13,Social,VIP,189.42,24781,244,3,458.13
2025-02-13,Social,Dormant,152.92,19858,193,0,0.0
2025-02-13,Display,New,167.93,58997,238,1,53.04
2025-02-13,Display,Returning,212.03,74074,299,7,601.42
2025-02-13,Display,VIP,205.8,71683,266,0,0.0
2025-02-13,Display,Dormant,136.57,47614,188,1,61.49
2025-02-14,Email,Returning,133.36,10614,395,4,271.91
2025-02-14,Paid Search,Dormant,485.62,13569,509,2,108.33
2025-02-14,Social,New,206.47,26669,258,1,72.5
2025-02-14,Social,VIP,153.93,19931,210,2,295.69
2025-02-14,Social,Dormant,124.49,16386,151,0,0.0
2025-02-14,Display,New,176.7,61898,266,1,49.3
2025-02-14,Display,VIP,308.97,107922,407,4,420.71
2025-02-14,Display,Dormant,240.67,84107,355,0,0.0
2025-02-15,Email,New,151.93,12239,444,0,0.0
2025-02-15,Email,Dormant,133.21,10606,368,3,133.29
2025-02-15,Social,Dormant,211.76,27536,270,2,68.76
2025-02-15,Display,New,296.6,104062,443,5,277.86
2025-02-15,Display,Dormant,223.34,77891,334,1,45.04
2025-02-16,Email,Returning,105.49,8286,288,3,169.65
2025-02-16,Email,VIP,138.91,11305,445,6,729.93
2025-02-16,Email,Dormant,97.65,7815,241,2,70.62
2025-02-16,Paid Search,Returning,449.81,12399,487,14,876.32
2025-02-16,Paid Search,VIP,229.6,6476,273,7,1183.15
2025-02-16,Social,VIP,210.5,27274,268,6,908.36
2025-02-16,Display,VIP,272.89,94892,385,3,517.76
2025-02-17,Email,VIP,103.66,8353,295,10,1065.86
2025-02-17,Email,Dormant,277.94,22199,775,5,212.66
2025-02-17,Paid Search,Returning,376.57,10586,420,8,496.26
2025-02-17,Paid Search,Dormant,262.58,7334,298,3,162.42
2025-02-17,Social,Returning,275.55,35499,332,2,132.68
2025-02-17,Social,VIP,252.55,32699,338,4,786.24
2025-02-17,Social,Dormant,152.77,19825,197,2,103.99
2025-02-17,Display,New,170.99,60297,228,1,58.41
2025-02-17,Display,Dormant,188.8,65753,245,1,42.84
2025-02-18,Email,New,105.67,8546,299,2,133.25
2025-02-18,Email,VIP,112.65,8957,318,6,718.63
2025-02-18,Paid Search,New,284.42,7882,314,2,103.21
2025-02-18,Paid Search,Returning,198.14,5550,236,4,314.04
2025-02-18,Paid Search,VIP,389.04,10704,415,11,1680.48
2025-02-18,Paid Search,Dormant,212.52,6053,233,4,142.05
2025-02-18,Social,New,131.49,16902,178,2,99.73
2025-02-18,Social,Returning,149.91,19487,208,5,424.43
2025-02-18,Social,VIP,335.5,43246,430,7,966.64
2025-02-18,Social,Dormant,176.95,23038,244,0,0.0
2025-02-18,Display,Dormant,218.25,76245,302,0,0.0
2025-02-19,Email,New,87.82,6991,239,1,35.16
2025-02-19,Email,Returning,109.13,8760,284,1,64.18
2025-02-19,Email,VIP,120.45,9623,314,5,607.18
2025-02-19,Social,New,253.29,32933,343,1,57.22
2025-02-19,Social,Returning,318.86,41381,409,2,138.35
2025-02-19,Social,VIP,215.67,27905,274,9,1643.38
2025-02-19,Social,Dormant,171.57,22464,210,0,0.0
2025-02-19,Display,VIP,131.97,45895,177,4,636.61
2025-02-19,Display,Dormant,166.8,58325,223,1,34.23
2025-02-20,Email,New,99.57,7932,262,2,89.45
2025-02-20,Email,Returning,97.55,7644,248,5,311.31
2025-02-20,Email,VIP,156.97,12587,444,8,1318.19
2025-02-20,Paid Search,New,334.37,9212,384,7,361.06
2025-02-20,Paid Search,Returning,318.11,8841,370,7,492.34
2025-02-20,Social,New,152.37,19644,195,3,256.14
2025-02-20,Social,VIP,208.83,27152,268,6,873.52
2025-02-20,Social,Dormant,185.63,24121,222,1,48.51
2025-02-20,Display,New,160.25,56046,250,2,136.07
2025-02-20,Display,Returning,149.07,52190,224,2,102.73
2025-02-20,Display,VIP,171.7,60120,272,8,1089.96
2025-02-21,Paid Search,VIP,234.7,6568,266,6,772.26
2025-02-21,Paid Search,Dormant,354.03,9979,407,3,151.15
2025-02-21,Social,Returning,383.27,49618,475,6,482.87
2025-02-21,Social,VIP,260.13,33790,309,5,911.42
2025-02-21,Display,New,148.31,52032,199,0,0.0
2025-02-21,Display,Dormant,199.91,70191,276,2,86.28
2025-02-22,Email,Dormant,123.44,9940,361,1,48.52
2025-02-22,Paid Search,New,244.25,6756,283,1,42.14
2025-02-22,Paid Search,VIP,200.37,5716,239,11,1863.0
2025-02-22,Social,Returning,175.87,23052,220,4,273.47
2025-02-22,Social,Dormant,143.81,18740,209,2,77.81
2025-02-22,Display,VIP,213.97,74400,300,3,382.77
2025-02-22,Display,Dormant,211.69,74132,259,0,0.0
2025-02-23,Email,New,115.75,9293,317,3,317.4
2025-02-23,Email,Returning,97.58,7819,303,7,462.08
2025-02-23,Email,VIP,173.52,13663,458,13,1962.18
2025-02-23,Email,Dormant,85.72,6790,256,2,79.39
2025-02-23,Paid Search,New,276.85,7801,311,5,372.04
2025-02-23,Paid Search,Returning,327.45,9037,387,7,599.72
2025-02-23,Paid Search,VIP,283.88,7850,298,8,1110.65
2025-02-23,Paid Search,Dormant,279.2,7771,305,5,205.07
2025-02-23,Social,New,365.52,47568,455,3,120.44
2025-02-23,Social,Returning,323.12,42166,400,3,298.83
2025-02-23,Display,New,180.01,62725,230,0,0.0
2025-02-23,Display,VIP,193.78,67673,292,3,459.1
2025-02-23,Display,Dormant,186.4,65034,247,1,31.58
2025-02-24,Email,Dormant,142.69,11353,381,4,119.73
2025-02-24,Paid Search,New,292.79,8195,299,8,477.33
2025-02-24,Paid Search,VIP,212.6,5861,212,7,976.55
2025-02-24,Paid Search,Dormant,539.26,14969,577,10,546.21
2025-02-24,Social,Returning,211.13,27018,285,1,95.31
2025-02-24,Social,Dormant,211.44,27638,293,2,78.37
2025-02-24,Display,New,160.59,56223,226,1,45.73
2025-02-24,Display,Dormant,156.59,54886,214,0,0.0
2025-02-25,Email,Returning,102.26,8185,288,2,185.76
2025-02-25,Email,VIP,114.21,9062,312,10,1890.3
2025-02-25,Paid Search,VIP,373.17,10534,440,15,1615.84
2025-02-25,Social,Returning,389.95,50174,554,4,342.05
2025-02-25,Social,Dormant,161.99,20965,191,1,45.06
2025-02-25,Display,Dormant,214.84,75009,286,1,55.92
2025-02-26,Email,VIP,119.57,9456,343,10,2143.82
2025-02-26,Email,Dormant,97.9,7878,270,2,91.07
2025-02-26,Paid Search,New,498.65,14044,530,6,284.87
2025-02-26,Paid Search,Returning,330.57,9290,413,9,534.66
2025-02-26,Paid Search,Dormant,381.03,10609,438,2,87.0
2025-02-26,Social,New,175.74,22851,196,3,116.53
2025-02-26,Social,Dormant,242.05,31341,325,0,0.0
2025-02-26,Display,New,276.55,96966,392,0,0.0
2025-02-26,Display,Returning,196.99,68713,270,3,241.02
2025-02-26,Display,VIP,164.32,57822,219,1,130.71
2025-02-27,Email,New,195.31,15653,543,7,362.09
2025-02-27,Email,Returning,96.28,7453,231,1,82.91
2025-02-27,Email,VIP,137.18,11058,386,12,1935.38
2025-02-27,Email,Dormant,57.74,4665,163,0,0.0
2025-02-27,Paid Search,New,345.18,9620,380,2,115.41
2025-02-27,Paid Search,Returning,376.5,10575,448,7,649.67
2025-02-27,Paid Search,VIP,295.17,8251,323,7,835.9
2025-02-27,Social,New,399.78,51913,555,2,90.01
2025-02-27,Social,Dormant,217.25,28309,269,0,0.0
2025-02-27,Display,New,132.02,46279,185,1,43.27
2025-02-27,Display,Returning,131.6,46087,154,1,67.69
2025-02-27,Display,VIP,143.08,49925,217,3,411.43
2025-02-27,Display,Dormant,175.53,61398,236,0,0.0
2025-02-28,Email,Returning,255.62,20690,708,5,365.86
2025-02-28,Email,VIP,125.58,9992,342,10,1530.58
2025-02-28,Email,Dormant,99.59,7754,272,1,47.72
2025-02-28,Paid Search,New,240.05,6723,287,2,110.18
2025-02-28,Paid Search,Returning,259.0,7306,299,4,357.33
2025-02-28,Social,Returning,184.67,24119,250,0,0.0
2025-02-28,Social,VIP,216.67,28131,289,4,640.28
2025-02-28,Display,New,164.91,57492,234,0,0.0
2025-02-28,Display,Returning,177.44,62108,237,2,125.1
2025-02-28,Display,VIP,106.53,37254,160,2,265.61
2025-02-28,Display,Dormant,232.59,81161,331,0,0.0
2025-03-01,Email,Returning,89.19,7233,233,10,1155.55
2025-03-01,Email,VIP,146.01,11606,425,9,1358.55
2025-03-01,Paid Search,New,232.46,6425,277,4,155.79
2025-03-01,Paid Search,Returning,373.79,10433,403,9,787.99
2025-03-01,Paid Search,Dormant,302.28,8402,349,1,66.82
2025-03-01,Social,Returning,215.7,28103,273,1,49.93
2025-03-01,Display,New,119.05,41222,192,1,48.29
2025-03-02,Email,New,80.87,6402,240,1,69.92
2025-03-02,Email,Returning,126.94,10151,367,4,383.29
2025-03-02,Email,VIP,96.18,7726,258,6,858.73
2025-03-02,Email,Dormant,77.3,6311,229,0,0.0
2025-03-02,Paid Search,Returning,271.51,7472,313,5,314.71
2025-03-02,Paid Search,VIP,262.56,7345,316,12,1900.63
2025-03-02,Paid Search,Dormant,275.96,7712,317,2,113.94
2025-03-02,Social,New,141.66,18508,184,1,70.69
2025-03-02,Social,Returning,192.47,25199,262,3,307.59
2025-03-02,Social,VIP,164.84,20913,223,4,482.64
2025-03-02,Social,Dormant,226.86,29322,285,0,0.0
2025-03-02,Display,New,121.32,42685,173,0,0.0
2025-03-02,Display,Returning,147.3,51587,204,0,0.0
2025-03-02,Display,VIP,143.44,50212,208,2,355.18
2025-03-02,Display,Dormant,140.33,49119,192,0,0.0
2025-03-03,Email,Returning,98.35,7847,235,4,294.84
2025-03-03,Email,Dormant,132.87,10711,357,2,79.5
2025-03-03,Social,New,233.31,30387,320,1,58.12
2025-03-03,Social,VIP,137.76,17724,182,1,151.5
2025-03-03,Display,New,164.53,57622,219,0,0.0
2025-03-03,Display,VIP,227.52,79386,337,1,137.94
2025-03-03,Display,Dormant,154.44,54135,204,0,0.0
2025-03-04,Email,Returning,115.73,9194,309,2,205.53
2025-03-04,Email,VIP,162.66,13042,433,14,2102.32
2025-03-04,Email,Dormant,134.33,10819,360,1,36.48
2025-03-04,Paid Search,VIP,313.64,8565,324,11,1526.25
2025-03-04,Paid Search,Dormant,303.11,8534,358,3,145.02
2025-03-04,Social,Dormant,190.6,24753,240,0,0.0
2025-03-04,Display,New,133.99,46663,164,0,0.0
2025-03-04,Display,Returning,116.99,40892,177,0,0.0
2025-03-04,Display,VIP,135.48,47086,196,1,151.1
2025-03-04,Display,Dormant,235.09,82554,337,1,45.1
2025-03-05,Email,New,196.65,15710,545,3,170.75
2025-03-05,Email,Returning,108.75,8702,282,3,252.98
2025-03-05,Email,VIP,90.61,7314,271,5,814.66
2025-03-05,Paid Search,Returning,284.05,7920,303,9,988.61
2025-03-05,Social,VIP,223.1,29040,275,9,1191.58
2025-03-05,Display,New,115.46,40126,174,1,44.14
2025-03-05,Display,Returning,351.6,123232,485,2,154.07
2025-03-05,Display,VIP,273.42,95797,401,5,1365.56
2025-03-05,Display,Dormant,192.8,67425,266,0,0.0
2025-03-06,Email,New,132.39,10564,350,5,243.9
2025-03-06,Email,Returning,129.44,10385,374,6,357.76
2025-03-06,Email,VIP,106.63,8492,305,6,769.58
2025-03-06,Paid Search,Returning,396.02,11159,478,13,1050.23
2025-03-06,Social,Dormant,406.29,53054,529,4,173.44
2025-03-06,Display,Returning,228.04,80117,293,0,0.0
2025-03-07,Email,New,184.08,14619,494,5,214.54
2025-03-07,Email,Returning,128.93,10146,346,4,313.35
2025-03-07,Email,Dormant,149.86,11961,410,0,0.0
2025-03-07,Paid Search,New,311.31,8605,324,2,90.15
2025-03-07,Paid Search,VIP,336.16,9365,340,8,1949.97
2025-03-07,Paid Search,Dormant,465.14,13126,567,8,306.19
2025-03-07,Social,VIP,377.97,49238,462,11,1341.85
2025-03-07,Display,New,178.58,62752,238,0,0.0
2025-03-07,Display,Returning,181.18,63466,233,1,86.45
2025-03-07,Display,Dormant,298.64,104700,394,0,0.0
2025-03-08,Email,Returning,124.45,9802,313,2,176.98
2025-03-08,Email,VIP,101.3,8091,272,5,741.41
2025-03-08,Paid Search,Returning,312.65,8824,379,6,690.02
2025-03-08,Paid Search,VIP,512.01,14268,579,20,3589.76
2025-03-08,Social,Returning,200.06,25962,284,3,258.92
2025-03-08,Social,VIP,310.26,40137,416,5,660.0
2025-03-08,Display,New,216.85,75740,291,1,63.66
2025-03-08,Display,Dormant,254.6,88998,365,1,54.17
2025-03-09,Email,Dormant,111.04,8699,291,3,155.77
2025-03-09,Paid Search,New,244.3,6742,283,2,88.52
2025-03-09,Paid Search,Returning,226.38,6247,269,1,79.91
2025-03-09,Paid Search,Dormant,295.27,8375,308,2,75.62
2025-03-09,Social,Dormant,126.07,16431,151,1,37.03
2025-03-09,Display,New,229.29,80232,293,3,181.4
2025-03-09,Display,VIP,130.92,45779,167,1,134.84
2025-03-10,Email,New,152.89,12354,418,2,104.54
2025-03-10,Email,VIP,101.91,8217,280,6,771.77
2025-03-10,Email,Dormant,61.55,4825,161,0,0.0
2025-03-10,Paid Search,New,340.87,9631,411,6,291.52
2025-03-10,Paid Search,Returning,265.81,7562,319,5,454.65
2025-03-10,Social,New,144.12,18704,205,0,0.0
2025-03-10,Social,Returning,231.26,30143,303,2,125.55
2025-03-10,Social,VIP,245.9,31770,305,8,1461.97
2025-03-10,Social,Dormant,162.73,21122,209,1,46.5
2025-03-10,Display,New,208.74,73085,281,0,0.0
2025-03-10,Display,VIP,209.7,72978,282,3,420.11
2025-03-11,Email,New,168.16,13550,521,2,118.86
2025-03-11,Email,Dormant,101.69,8208,261,2,91.19
2025-03-11,Paid Search,Returning,337.55,9393,401,13,1360.23
2025-03-11,Social,New,150.7,19648,194,3,220.55
2025-03-11,Social,VIP,213.04,27827,263,2,342.51
2025-03-11,Social,Dormant,190.22,24458,253,0,0.0
2025-03-11,Display,New,78.36,27584,108,0,0.0
2025-03-11,Display,VIP,102.98,35733,158,2,302.66
2025-03-12,Email,Returning,143.71,11557,381,5,413.73
2025-03-12,Paid Search,New,326.9,9182,379,6,366.38
2025-03-12,Paid Search,VIP,302.55,8475,338,10,1348.74
2025-03-12,Paid Search,Dormant,267.7,7546,283,2,101.49
2025-03-12,Social,Returning,197.97,25883,262,3,221.68
2025-03-12,Social,VIP,126.41,16438,163,2,313.93
2025-03-12,Display,New,189.23,66761,247,4,162.71
2025-03-12,Display,Returning,179.57,62907,269,2,164.92
2025-03-13,Email,Returning,80.39,6483,216,2,110.33
2025-03-13,Email,VIP,146.33,11700,391,7,1196.65
2025-03-13,Email,Dormant,155.72,12747,438,1,48.02
2025-03-13,Paid Search,New,423.41,11883,486,8,222.52
2025-03-13,Paid Search,VIP,250.9,7117,265,9,1321.95
2025-03-13,Social,Returning,216.44,28583,302,2,207.94
2025-03-13,Display,Returning,154.1,53800,200,2,160.9
2025-03-13,Display,VIP,252.25,88060,356,4,513.79
2025-03-13,Display,Dormant,156.33,54975,241,1,37.13
2025-03-14,Email,New,101.37,8153,305,2,128.34
2025-03-14,Email,Returning,130.22,10459,346,3,247.12
2025-03-14,Email,VIP,68.06,5404,179,3,360.45
2025-03-14,Paid Search,New,235.19,6649,253,3,181.62
2025-03-14,Paid Search,VIP,400.39,11170,429,15,2561.63
2025-03-14,Social,Dormant,309.42,40428,388,0,0.0
2025-03-14,Display,New,165.13,58084,216,1,42.58
2025-03-14,Display,Returning,154.83,54435,240,3,280.66
2025-03-14,Display,Dormant,325.52,114530,461,0,0.0
2025-03-15,Email,Dormant,198.28,15836,518,8,322.28
2025-03-15,Paid Search,New,312.44,8603,355,5,361.44
2025-03-15,Paid Search,Returning,318.87,8675,348,10,822.35
2025-03-15,Paid Search,VIP,274.66,7666,324,9,1114.8
2025-03-15,Paid Search,Dormant,392.49,10753,408,3,134.46
2025-03-15,Social,New,155.28,20359,189,0,0.0
2025-03-15,Social,VIP,317.67,41208,411,8,761.62
2025-03-15,Display,New,149.63,52395,200,0,0.0
2025-03-15,Display,VIP,118.17,41282,159,1,203.55
2025-03-15,Display,Dormant,189.78,66339,282,0,0.0
2025-03-16,Email,Returning,95.81,7618,250,1,89.63
2025-03-16,Paid Search,New,258.54,7155,301,2,151.89
2025-03-16,Social,Returning,263.92,34439,322,2,173.71
2025-03-16,Social,VIP,271.78,34864,384,7,776.12
2025-03-16,Display,Dormant,121.74,42565,177,3,144.69
2025-03-17,Email,New,184.84,14763,514,5,234.0
2025-03-17,Email,Dormant,80.17,6439,225,1,53.13
2025-03-17,Paid Search,New,240.82,6645,302,4,249.1
2025-03-17,Paid Search,Returning,255.37,7194,300,8,660.21
2025-03-17,Paid Search,Dormant,348.45,9681,390,2,74.23
2025-03-17,Social,New,147.52,19203,210,1,45.99
2025-03-17,Social,Returning,142.43,18732,196,1,60.8
2025-03-17,Social,VIP,272.34,35615,384,3,405.65
2025-03-17,Social,Dormant,298.49,38869,396,1,63.76
2025-03-17,Display,Dormant,266.26,92954,377,1,49.13
2025-03-18,Email,Returning,85.55,6619,245,3,227.64
2025-03-18,Email,VIP,77.63,6139,208,6,874.84
2025-03-18,Email,Dormant,156.81,12670,433,1,43.79
2025-03-18,Social,New,292.84,38258,361,1,48.38
2025-03-18,Social,VIP,206.92,27092,251,7,1279.49
2025-03-18,Social,Dormant,181.75,23630,219,1,26.4
2025-03-18,Display,New,336.27,117203,443,2,115.51
2025-03-18,Display,Returning,199.35,70436,280,1,94.74
2025-03-18,Display,VIP,160.55,56343,237,3,533.92
2025-03-19,Email,New,140.78,11352,383,2,94.7
2025-03-19,Email,Returning,187.66,14959,550,9,954.71
2025-03-19,Email,VIP,163.25,13077,480,17,3110.77
2025-03-19,Email,Dormant,150.78,11996,417,3,181.69
2025-03-19,Paid Search,VIP,302.16,8399,387,10,1503.09
2025-03-19,Paid Search,Dormant,291.15,8178,325,3,109.72
2025-03-19,Social,New,309.32,40017,429,0,0.0
2025-03-19,Social,Returning,297.62,38709,405,6,384.1
2025-03-19,Social,VIP,185.8,24231,245,2,326.86
2025-03-19,Social,Dormant,214.83,27886,254,1,43.91
2025-03-19,Display,New,224.99,79084,310,2,124.58
2025-03-19,Display,Returning,195.88,68704,279,1,81.67
2025-03-20,Email,New,82.44,6598,219,2,104.89
2025-03-20,Email,Dormant,73.85,5886,210,2,100.47
2025-03-20,Paid Search,New,538.24,15167,624,14,732.07
2025-03-20,Paid Search,Returning,257.98,7162,299,8,661.43
2025-03-20,Paid Search,VIP,175.68,4894,220,8,1207.28
2025-03-20,Social,New,265.15,34030,342,1,62.53
2025-03-20,Social,VIP,172.19,22489,225,8,1389.81
2025-03-20,Social,Dormant,170.96,22138,241,0,0.0
2025-03-20,Display,Returning,291.85,101805,421,3,246.98
2025-03-20,Display,VIP,221.06,77385,322,4,474.71
2025-03-20,Display,Dormant,335.39,117115,466,1,34.01
2025-03-21,Email,New,119.64,9490,346,6,381.24
2025-03-21,Email,Dormant,79.28,6462,231,1,39.53
2025-03-21,Paid Search,Returning,306.64,8682,332,6,470.93
2025-03-21,Paid Search,VIP,363.6,10308,399,13,1554.4
2025-03-21,Social,New,319.34,41372,435,1,58.88
2025-03-21,Social,Returning,288.25,37188,379,0,0.0
2025-03-21,Social,VIP,222.21,28662,300,4,562.59
2025-03-21,Social,Dormant,218.57,28380,305,2,85.16
2025-03-21,Display,New,184.26,64548,267,1,63.41
2025-03-21,Display,Returning,189.06,66435,261,0,0.0
2025-03-21,Display,VIP,168.73,58921,268,3,443.89
2025-03-21,Display,Dormant,142.96,49988,219,1,44.63
2025-03-22,Email,VIP,174.66,14109,491,10,1341.27
2025-03-22,Email,Dormant,98.81,8033,282,3,91.81
2025-03-22,Paid Search,Returning,230.19,6458,277,8,797.39
2025-03-22,Paid Search,VIP,335.83,9359,364,20,3978.26
2025-03-22,Paid Search,Dormant,213.03,5880,257,1,55.56
2025-03-22,Social,New,217.4,28323,299,1,53.63
2025-03-22,Social,Returning,224.3,29122,284,4,225.94
2025-03-22,Social,Dormant,321.21,41948,422,1,60.59
2025-03-22,Display,New,156.88,54550,228,1,56.81
2025-03-22,Display,Returning,172.51,60774,223,3,259.12
2025-03-22,Display,VIP,227.89,79834,287,4,490.45
2025-03-22,Display,Dormant,234.62,82029,342,3,131.12
2025-03-23,Email,New,144.69,11590,379,2,154.04
2025-03-23,Email,Returning,122.97,9839,356,3,259.6
2025-03-23,Paid Search,VIP,246.53,6808,242,7,1012.62
2025-03-23,Social,New,275.35,35755,356,2,97.69
2025-03-23,Social,Returning,173.77,22648,204,2,135.34
2025-03-23,Social,VIP,249.77,32508,296,6,1333.77
2025-03-23,Social,Dormant,97.68,12666,115,2,86.95
2025-03-23,Display,Dormant,148.45,51564,218,2,101.07
2025-03-24,Email,New,79.22,6317,229,1,74.14
2025-03-24,Email,Returning,111.39,9059,316,3,226.51
2025-03-24,Email,VIP,108.85,8725,319,6,734.43
2025-03-24,Email,Dormant,103.59,8241,291,2,93.38
2025-03-24,Paid Search,Dormant,323.33,9083,385,1,34.03
2025-03-24,Social,New,109.77,14486,146,1,41.82
2025-03-24,Social,Returning,269.47,35170,398,5,537.06
2025-03-24,Display,VIP,198.73,69383,281,2,338.24
2025-03-24,Display,Dormant,208.44,72741,296,1,59.33
2025-03-25,Email,VIP,118.3,9524,341,7,996.0
2025-03-25,Social,Returning,217.93,28440,280,2,140.61
2025-03-25,Social,VIP,182.51,23760,225,4,542.75
2025-03-25,Display,VIP,284.0,100126,369,2,274.05
2025-03-26,Email,VIP,133.27,10606,402,2,269.28
2025-03-26,Email,Dormant,124.92,10151,335,3,90.87
2025-03-26,Paid Search,Dormant,319.09,8922,359,3,121.67
2025-03-26,Social,Returning,374.61,48624,464,10,433.56
2025-03-26,Social,VIP,318.21,41060,435,8,1103.41
2025-03-26,Social,Dormant,162.64,21011,200,0,0.0
2025-03-26,Display,Dormant,188.11,65752,278,3,157.15
2025-03-27,Email,New,103.71,8176,301,3,152.98
2025-03-27,Email,Returning,125.99,10011,341,5,371.14
2025-03-27,Email,VIP,159.16,12787,443,12,1463.88
2025-03-27,Email,Dormant,87.13,6854,242,1,45.48
2025-03-27,Paid Search,Returning,251.12,6989,280,7,515.18
2025-03-27,Paid Search,VIP,202.86,5644,216,6,739.9
2025-03-27,Paid Search,Dormant,280.0,7857,289,2,82.45
2025-03-27,Social,New,186.66,24497,224,2,118.21
2025-03-27,Social,Returning,315.29,41248,405,3,276.42
2025-03-27,Social,Dormant,198.8,25754,256,1,43.06
2025-03-27,Display,New,278.74,97813,404,1,57.35
2025-03-28,Paid Search,Dormant,262.35,7367,296,5,197.06
2025-03-28,Social,Returning,243.38,31662,337,0,0.0
2025-03-28,Display,New,169.12,59148,250,1,53.1
2025-03-28,Display,Returning,150.04,52620,207,1,88.21
2025-03-28,Display,Dormant,186.82,65542,269,0,0.0
2025-03-29,Email,Returning,110.92,8630,316,5,364.87
2025-03-29,Paid Search,New,417.06,11747,472,4,202.06
2025-03-29,Paid Search,Returning,356.1,9824,404,15,1332.14
2025-03-29,Paid Search,VIP,393.12,10969,428,16,2967.4
2025-03-29,Social,Returning,353.3,46151,505,3,250.98
2025-03-29,Social,Dormant,223.24,29225,317,1,48.13
2025-03-29,Display,Returning,172.85,60759,227,0,0.0
2025-03-30,Email,New,154.01,12510,422,5,265.77
2025-03-30,Paid Search,Returning,283.69,7829,300,4,404.11
2025-03-30,Paid Search,VIP,191.62,5277,241,5,846.86
2025-03-30,Social,New,244.46,32021,332,0,0.0
2025-03-30,Social,Returning,229.99,29843,298,2,143.11
2025-03-30,Display,New,231.77,80453,309,2,123.19
2025-03-30,Display,VIP,157.53,55087,241,3,469.49
2025-03-31,Email,Returning,116.8,9492,316,1,91.35
2025-03-31,Email,VIP,79.62,6364,227,3,612.81
2025-03-31,Paid Search,New,290.48,8189,319,4,231.38
2025-03-31,Paid Search,Dormant,371.23,10284,395,3,173.53
2025-03-31,Social,New,207.93,26746,276,1,55.82
2025-03-31,Social,VIP,323.95,42299,429,5,777.13
2025-03-31,Social,Dormant,165.32,21597,238,0,0.0
2025-03-31,Display,New,214.01,74915,268,1,45.6
2025-03-31,Display,Returning,162.62,57087,236,3,334.94
2025-03-31,Display,Dormant,165.02,57404,227,1,49.4
2025-04-01,Email,Returning,157.5,12807,457,3,244.95
2025-04-01,Email,VIP,198.3,15812,561,14,1885.04
2025-04-01,Email,Dormant,100.14,8008,282,2,67.2
2025-04-01,Paid Search,New,221.13,6269,221,3,136.51
2025-04-01,Paid Search,Dormant,187.79,5183,227,3,192.56
2025-04-01,Social,New,207.61,26999,270,4,222.16
2025-04-01,Display,New,152.38,53169,218,3,142.57
2025-04-01,Display,Dormant,181.02,63475,254,0,0.0
2025-04-02,Email,New,55.67,4477,134,0,0.0
2025-04-02,Email,VIP,253.58,20358,710,14,1711.46
2025-04-02,Email,Dormant,88.02,6972,241,0,0.0
2025-04-02,Paid Search,New,270.17,7356,301,3,134.17
2025-04-02,Paid Search,Returning,269.21,7488,298,1,81.28
2025-04-02,Paid Search,Dormant,449.7,12652,511,6,259.15
2025-04-02,Social,Returning,125.46,16288,181,2,146.7
2025-04-02,Display,Returning,118.19,41680,158,0,0.0
2025-04-02,Display,VIP,236.33,82760,303,4,500.05
2025-04-02,Display,Dormant,165.84,58294,235,0,0.0
2025-04-03,Email,New,158.32,12669,432,2,114.5
2025-04-03,Paid Search,New,285.37,8078,334,6,409.47
2025-04-03,Paid Search,Returning,239.9,6843,284,7,584.15
2025-04-03,Paid Search,Dormant,300.7,8419,353,0,0.0
2025-04-03,Social,New,185.14,24157,233,1,46.88
2025-04-03,Social,VIP,251.44,32220,316,6,793.33
2025-04-03,Display,VIP,88.31,31056,112,5,693.41
2025-04-04,Email,New,160.16,12822,490,5,371.86
2025-04-04,Email,VIP,102.87,8229,294,2,265.55
2025-04-04,Email,Dormant,96.5,7652,256,0,0.0
2025-04-04,Paid Search,New,314.59,8822,356,3,122.16
2025-04-04,Paid Search,Returning,335.98,9389,390,6,522.15
2025-04-04,Paid Search,VIP,502.4,14165,539,12,1970.72
2025-04-04,Social,New,148.85,19253,182,1,41.62
2025-04-04,Social,Returning,240.64,31231,332,3,246.52
2025-04-04,Social,VIP,275.77,36157,373,7,1140.62
2025-04-04,Display,Returning,155.29,54625,244,0,0.0
2025-04-04,Display,Dormant,206.21,71974,318,1,44.82
2025-04-05,Email,VIP,70.21,5495,177,2,445.44
2025-04-05,Email,Dormant,169.24,13633,498,2,72.48
2025-04-05,Paid Search,VIP,192.31,5431,213,8,950.46
2025-04-05,Paid Search,Dormant,298.45,8325,315,2,78.58
2025-04-05,Social,New,282.38,36877,353,3,165.15
2025-04-05,Social,VIP,207.85,27096,271,5,908.77
2025-04-05,Social,Dormant,377.08,48817,462,1,34.47
2025-04-05,Display,Returning,260.0,91089,351,3,176.75
2025-04-05,Display,Dormant,217.66,76259,302,0,0.0
2025-04-06,Email,Returning,92.44,7415,247,1,122.8
2025-04-06,Paid Search,Returning,302.41,8467,362,5,369.03
2025-04-06,Paid Search,Dormant,351.94,9783,417,4,199.06
2025-04-06,Social,VIP,191.06,24759,239,3,569.71
2025-04-06,Display,Returning,168.3,58544,232,1,63.4
2025-04-06,Display,Dormant,151.99,53278,204,1,44.06
2025-04-07,Email,New,81.08,6387,252,0,0.0
2025-04-07,Email,Returning,109.91,8764,307,2,198.51
2025-04-07,Email,VIP,119.08,9582,362,5,457.77
2025-04-07,Email,Dormant,155.05,12311,460,2,116.79
2025-04-07,Paid Search,New,163.07,4515,189,5,246.77
2025-04-07,Paid Search,Dormant,252.21,7106,293,5,236.32
2025-04-07,Social,New,318.11,41481,426,0,0.0
2025-04-07,Social,Returning,238.39,31257,321,5,365.17
2025-04-07,Display,New,255.8,90186,375,4,293.58
2025-04-07,Display,VIP,240.81,83917,313,4,648.94
2025-04-07,Display,Dormant,201.56,70772,283,1,25.96
2025-04-08,Email,Dormant,120.6,9570,360,1,56.66
2025-04-08,Paid Search,New,558.13,15623,636,7,406.69
2025-04-08,Paid Search,Returning,301.0,8545,364,10,897.8
2025-04-08,Paid Search,VIP,191.44,5352,203,13,1804.23
2025-04-08,Social,New,220.89,28987,252,2,102.35
2025-04-08,Display,New,233.95,81555,343,4,202.63
2025-04-08,Display,Returning,141.05,49336,217,0,0.0
2025-04-08,Display,Dormant,118.82,41228,150,1,39.93
2025-04-09,Email,New,96.24,7658,250,0,0.0
2025-04-09,Email,Returning,102.63,8198,290,5,240.85
2025-04-09,Email,Dormant,114.3,9252,344,1,50.57
2025-04-09,Paid Search,Returning,419.22,11763,463,8,547.51
2025-04-09,Paid Search,Dormant,255.32,7114,285,4,202.67
2025-04-09,Social,Returning,257.81,33543,326,2,161.36
2025-04-09,Social,VIP,322.78,42023,427,10,1074.71
2025-04-09,Social,Dormant,243.24,31658,315,3,108.5
2025-04-09,Display,New,136.01,47536,194,0,0.0
2025-04-09,Display,Dormant,173.05,60632,219,1,37.94
2025-04-10,Email,New,125.38,9956,374,2,96.71
2025-04-10,Email,Returning,131.96,10593,375,2,174.23
2025-04-10,Email,Dormant,173.89,13894,445,1,38.39
2025-04-10,Paid Search,New,180.94,5045,193,3,207.64
2025-04-10,Paid Search,Returning,237.92,6759,265,4,361.84
2025-04-10,Paid Search,VIP,394.79,10981,401,20,3124.93
2025-04-10,Paid Search,Dormant,184.13,5283,233,4,184.64
2025-04-10,Social,Returning,188.1,24392,246,0,0.0
2025-04-10,Social,VIP,200.12,25815,244,3,467.76
2025-04-10,Display,New,211.9,74296,250,1,63.37
2025-04-10,Display,Returning,190.98,66662,263,4,262.53
2025-04-10,Display,VIP,125.74,43945,175,1,138.4
2025-04-10,Display,Dormant,602.27,210742,874,3,121.31
2025-04-11,Email,New,204.57,16443,568,6,233.64
2025-04-11,Email,Dormant,93.7,7623,258,0,0.0
2025-04-11,Paid Search,VIP,376.29,10667,411,9,1113.79
2025-04-11,Paid Search,Dormant,364.52,10315,406,1,55.61
2025-04-11,Social,Returning,149.53,19443,199,0,0.0
2025-04-11,Display,New,199.91,70215,257,0,0.0
2025-04-11,Display,VIP,127.24,44566,164,1,114.23
2025-04-11,Display,Dormant,146.48,51059,179,1,39.26
2025-04-12,Email,New,113.16,9052,311,1,53.64
2025-04-12,Email,Dormant,146.31,11758,409,0,0.0
2025-04-12,Paid Search,New,315.09,8823,353,8,568.34
2025-04-12,Paid Search,Returning,214.15,6102,264,2,123.64
2025-04-12,Social,New,282.78,36636,366,2,131.85
2025-04-12,Social,VIP,146.46,19076,169,3,457.11
2025-04-12,Display,New,158.39,55904,219,0,0.0
2025-04-12,Display,VIP,159.09,55806,223,6,870.47
2025-04-12,Display,Dormant,266.79,93820,371,1,47.54
2025-04-13,Email,VIP,124.77,9982,352,10,1713.93
2025-04-13,Email,Dormant,137.73,10932,396,3,126.77
2025-04-13,Paid Search,New,338.94,9504,354,6,384.35
2025-04-13,Paid Search,VIP,283.21,7957,295,11,1626.13
2025-04-13,Paid Search,Dormant,257.14,7105,258,2,68.06
2025-04-13,Social,VIP,188.95,24564,246,8,1062.78
2025-04-13,Display,New,86.72,30285,133,1,62.95
2025-04-13,Display,Dormant,168.56,58342,202,0,0.0
2025-04-14,Email,Returning,116.99,9260,307,3,238.5
2025-04-14,Social,Dormant,282.9,36914,389,1,64.48
2025-04-14,Display,New,185.08,64681,258,2,109.72
2025-04-14,Display,Dormant,134.28,47013,183,0,0.0
2025-04-15,Email,New,104.21,8300,296,3,176.32
2025-04-15,Email,Returning,191.95,15341,559,6,444.35
2025-04-15,Email,VIP,139.36,11124,369,5,777.42
2025-04-15,Paid Search,Returning,406.03,11410,490,11,1003.24
2025-04-15,Paid Search,Dormant,284.38,7922,301,2,114.25
2025-04-15,Social,New,258.01,33276,332,2,106.26
2025-04-15,Social,Returning,283.95,36512,369,4,418.05
2025-04-15,Social,VIP,238.11,30863,362,5,1121.07
2025-04-15,Social,Dormant,188.82,24575,249,4,160.72
2025-04-15,Display,New,202.09,70699,282,0,0.0
2025-04-15,Display,VIP,180.85,63470,232,3,468.66
2025-04-16,Email,New,121.07,9772,314,2,142.01
2025-04-16,Email,Returning,108.03,8728,301,2,183.56
2025-04-16,Email,VIP,111.52,8836,319,4,625.7
2025-04-16,Email,Dormant,77.71,6268,218,0,0.0
2025-04-16,Paid Search,New,249.33,7061,277,9,411.98
2025-04-16,Paid Search,Returning,262.78,7284,294,7,625.89
2025-04-16,Paid Search,VIP,373.61,10552,396,10,2250.59
2025-04-16,Social,New,284.4,37206,375,2,99.86
2025-04-16,Social,VIP,380.18,49270,508,10,1219.53
2025-04-16,Social,Dormant,289.5,37579,403,0,0.0
2025-04-16,Display,Dormant,130.77,45971,178,0,0.0
2025-04-17,Email,New,196.24,15595,573,6,322.6
2025-04-17,Email,VIP,96.83,7761,275,3,432.11
2025-04-17,Email,Dormant,113.87,8985,289,3,133.41
2025-04-17,Social,Returning,424.12,55351,583,5,389.51
2025-04-17,Display,Dormant,229.94,79924,304,0,0.0
2025-04-18,Email,VIP,164.33,13027,439,12,1552.63
2025-04-18,Paid Search,Dormant,271.63,7495,320,4,241.51
2025-04-18,Social,New,151.85,19615,210,0,0.0
2025-04-18,Social,Returning,240.26,31185,309,0,0.0
2025-04-18,Social,VIP,194.51,25502,248,5,939.62
2025-04-18,Display,New,76.54,26407,111,1,72.72
2025-04-18,Display,VIP,193.0,67196,272,1,141.32
2025-04-19,Email,Returning,145.46,11551,403,5,508.74
2025-04-19,Email,VIP,104.01,8256,271,7,936.55
2025-04-19,Paid Search,New,240.29,6714,275,4,237.72
2025-04-19,Paid Search,Returning,399.66,11098,431,5,484.24
2025-04-19,Paid Search,VIP,287.11,8119,302,10,1675.6
2025-04-19,Paid Search,Dormant,300.73,8375,347,3,145.3
2025-04-19,Social,New,114.04,14730,141,0,0.0
2025-04-19,Social,Returning,316.72,41506,433,6,418.52
2025-04-19,Social,VIP,238.82,31160,319,6,667.2
2025-04-19,Display,Returning,127.42,44887,176,1,87.1
2025-04-19,Display,Dormant,119.58,41937,165,0,0.0
2025-04-20,Email,Returning,169.85,13655,475,9,671.16
2025-04-20,Paid Search,Returning,333.31,9431,415,8,909.82
2025-04-20,Paid Search,VIP,292.15,8277,323,16,2270.62
2025-04-20,Social,New,156.47,20558,219,0,0.0
2025-04-20,Social,Returning,337.99,43820,437,10,888.71
2025-04-20,Social,VIP,161.22,21207,190,5,822.76
2025-04-20,Social,Dormant,187.92,24278,241,1,35.53
2025-04-20,Display,New,206.7,72473,276,2,131.53
2025-04-20,Display,Returning,154.33,53994,214,0,0.0
2025-04-20,Display,VIP,120.07,42040,153,0,0.0
2025-04-20,Display,Dormant,208.71,73019,288,0,0.0
2025-04-21,Email,New,82.78,6679,229,3,161.4
2025-04-21,Email,VIP,75.91,6067,225,5,503.16
2025-04-21,Paid Search,Dormant,350.02,10052,425,4,144.61
2025-04-21,Social,Returning,287.68,37396,385,3,286.69
2025-04-21,Social,VIP,163.3,20898,206,3,589.42
2025-04-21,Social,Dormant,103.25,13430,132,0,0.0
2025-04-21,Display,New,158.82,55467,232,1,36.38
2025-04-21,Display,Returning,170.53,59812,220,5,583.23
2025-04-21,Display,VIP,162.77,56607,257,7,839.6
2025-04-22,Email,VIP,100.32,8031,300,7,1357.36
2025-04-22,Email,Dormant,61.24,4889,152,1,53.84
2025-04-22,Paid Search,New,185.52,5350,217,0,0.0
2025-04-22,Social,New,102.88,13316,126,2,147.96
2025-04-22,Social,Dormant,182.24,23833,264,0,0.0
2025-04-22,Display,Dormant,221.3,77354,320,1,33.76
2025-04-23,Email,New,89.13,7182,259,2,112.17
2025-04-23,Email,Returning,155.04,12471,416,5,437.85
2025-04-23,Paid Search,New,289.44,8261,359,7,337.05
2025-04-23,Paid Search,Returning,393.55,11012,465,12,855.48
2025-04-23,Paid Search,VIP,217.36,6065,224,5,708.71
2025-04-23,Paid Search,Dormant,266.54,7501,293,0,0.0
2025-04-23,Social,VIP,203.23,26283,256,3,386.54
2025-04-23,Display,New,204.2,71054,293,2,129.9
2025-04-23,Display,Returning,164.35,57032,237,0,0.0
2025-04-24,Email,Returning,138.18,11078,390,7,677.56
2025-04-24,Paid Search,New,363.17,10228,398,4,151.9
2025-04-24,Paid Search,VIP,175.24,4937,193,6,914.69
2025-04-24,Paid Search,Dormant,308.75,8578,323,6,233.13
2025-04-24,Social,New,318.5,41190,403,2,137.97
2025-04-24,Social,VIP,211.0,27663,287,6,1142.03
2025-04-24,Display,New,109.14,38295,140,0,0.0
2025-04-24,Display,VIP,180.54,63339,258,2,242.78
2025-04-24,Display,Dormant,134.94,47246,189,0,0.0
2025-04-25,Email,VIP,98.41,7922,294,7,1358.68
2025-04-25,Paid Search,Returning,297.0,8320,328,8,543.49
2025-04-25,Paid Search,Dormant,341.56,9571,366,2,105.95
2025-04-25,Social,Returning,231.7,29960,296,5,362.87
2025-04-25,Social,VIP,209.74,27110,291,6,699.41
2025-04-25,Social,Dormant,280.32,36367,365,1,33.93
2025-04-25,Display,Returning,97.93,34349,132,1,67.6
2025-04-25,Display,Dormant,250.65,88140,351,0,0.0
2025-04-26,Email,Returning,183.3,14712,501,7,488.2
2025-04-26,Email,VIP,72.43,5656,208,6,748.74
2025-04-26,Paid Search,Returning,336.76,9308,405,8,589.31
2025-04-26,Paid Search,Dormant,235.8,6685,273,5,200.7
2025-04-26,Social,Returning,279.45,36174,330,6,552.85
2025-04-26,Social,VIP,125.83,16272,153,1,178.48
2025-04-26,Social,Dormant,225.01,28997,278,1,43.13
2025-04-26,Display,VIP,142.97,50120,217,4,555.79
2025-04-27,Email,New,105.26,8399,279,1,49.09
2025-04-27,Email,Returning,98.37,7926,262,5,516.59
2025-04-27,Email,VIP,113.37,9150,300,10,1448.64
2025-04-27,Email,Dormant,129.39,10306,370,1,51.96
2025-04-27,Paid Search,New,243.63,6996,273,3,199.87
2025-04-27,Paid Search,Dormant,224.77,6280,237,3,121.31
2025-04-27,Display,Returning,113.75,40261,162,1,76.72
2025-04-28,Email,Returning,93.64,7387,236,3,206.19
2025-04-28,Email,VIP,84.73,6769,240,6,710.75
2025-04-28,Paid Search,New,237.2,6795,264,2,82.59
2025-04-28,Paid Search,Returning,204.44,5858,219,7,614.0
2025-04-28,Paid Search,VIP,560.11,15715,636,23,3217.51
2025-04-28,Social,New,238.02,31163,303,1,39.53
2025-04-28,Social,Returning,161.12,20897,222,1,74.02
2025-04-28,Social,VIP,277.83,35993,338,10,1667.75
2025-04-28,Display,Returning,126.77,44568,191,0,0.0
2025-04-28,Display,VIP,313.65,109655,435,3,542.36
2025-04-29,Email,New,118.83,9335,321,3,187.32
2025-04-29,Email,Returning,123.65,9913,349,6,472.48
2025-04-29,Paid Search,New,321.69,9035,345,2,151.78
2025-04-29,Paid Search,VIP,607.58,16932,703,27,3622.26
2025-04-29,Paid Search,Dormant,408.15,11507,460,1,77.25
2025-04-29,Social,Dormant,210.89,27493,279,0,0.0
2025-04-29,Display,New,166.59,58112,232,0,0.0
2025-04-29,Display,Returning,156.07,54140,201,2,208.97
2025-04-29,Display,VIP,130.15,45672,181,1,148.23
2025-04-30,Email,New,98.37,7776,260,4,302.64
2025-04-30,Email,VIP,71.9,5727,225,5,766.41
2025-04-30,Paid Search,New,418.91,11797,464,6,385.76
2025-04-30,Paid Search,Dormant,361.31,10157,405,3,136.48
2025-04-30,Social,New,213.67,27874,282,0,0.0
2025-04-30,Social,VIP,220.19,28428,257,1,166.72
2025-04-30,Social,Dormant,197.46,25494,231,1,35.89
2025-04-30,Display,New,239.68,84249,347,0,0.0
2025-04-30,Display,Returning,222.65,78282,306,4,410.05
2025-04-30,Display,VIP,187.26,65924,271,4,726.01
2025-05-01,Email,New,85.53,6895,247,2,119.75
2025-05-01,Email,Returning,79.6,6252,240,2,137.57
2025-05-01,Email,Dormant,65.0,5304,192,0,0.0
2025-05-01,Paid Search,VIP,399.74,11195,467,13,1937.38
2025-05-01,Paid Search,Dormant,324.46,9020,344,3,129.25
2025-05-01,Social,New,283.0,36638,396,7,326.65
2025-05-01,Social,Returning,280.54,36458,355,2,255.28
2025-05-01,Social,VIP,225.82,29998,287,6,815.11
2025-05-01,Social,Dormant,294.22,37942,373,0,0.0
2025-05-01,Display,Returning,179.83,62777,286,2,125.12
2025-05-02,Email,New,220.12,17528,632,4,264.68
2025-05-02,Email,Returning,109.88,8756,315,3,229.8
2025-05-02,Email,VIP,85.06,6720,223,2,316.79
2025-05-02,Paid Search,New,314.81,8901,333,3,191.17
2025-05-02,Paid Search,VIP,293.23,8373,355,13,1945.81
2025-05-02,Social,New,125.23,16469,172,0,0.0
2025-05-02,Social,VIP,132.32,17253,199,0,0.0
2025-05-02,Display,New,121.09,42162,166,3,160.92
2025-05-02,Display,Returning,160.23,55641,187,3,181.35
2025-05-02,Display,VIP,160.51,56553,230,3,501.29
2025-05-02,Display,Dormant,225.22,79005,323,3,126.74
2025-05-03,Email,Dormant,73.06,5882,194,2,91.47
2025-05-03,Paid Search,New,363.19,10044,442,9,422.84
2025-05-03,Paid Search,VIP,259.15,7222,292,14,2200.88
2025-05-03,Paid Search,Dormant,280.7,7870,327,1,38.74
2025-05-03,Social,New,239.5,31032,300,0,0.0
2025-05-03,Social,Dormant,245.17,31967,321,2,70.32
2025-05-03,Display,New,160.25,56498,216,1,39.57
2025-05-03,Display,VIP,312.45,109215,433,4,698.27
2025-05-03,Display,Dormant,264.2,92361,339,2,98.77
2025-05-04,Email,Returning,118.37,9418,331,5,306.93
2025-05-04,Email,Dormant,116.58,9453,339,0,0.0
2025-05-04,Paid Search,Returning,130.58,3573,159,6,547.04
2025-05-04,Social,Dormant,300.3,39157,412,1,38.67
2025-05-04,Display,New,147.18,51650,191,0,0.0
2025-05-05,Paid Search,New,248.55,6926,270,2,113.95
2025-05-05,Paid Search,Returning,221.22,6112,253,0,0.0
2025-05-05,Paid Search,VIP,180.69,5123,219,12,1529.61
2025-05-05,Social,Returning,155.06,20077,207,4,410.77
2025-05-05,Social,Dormant,136.48,17664,188,1,68.32
2025-05-05,Display,Dormant,134.38,46758,205,2,83.81
2025-05-06,Email,Returning,69.12,5459,208,2,160.64
2025-05-06,Email,Dormant,94.12,7571,267,4,195.77
2025-05-06,Paid Search,Returning,239.12,6720,252,2,171.91
2025-05-06,Paid Search,VIP,214.24,6090,237,8,1717.38
2025-05-06,Paid Search,Dormant,253.25,7110,277,1,34.85
2025-05-06,Social,Returning,189.17,24617,227,2,142.92
2025-05-06,Social,VIP,161.7,20976,217,3,362.73
2025-05-06,Social,Dormant,177.06,23043,232,1,48.9
2025-05-06,Display,Dormant,141.51,49645,186,0,0.0
2025-05-07,Email,Returning,117.05,9226,342,4,336.28
2025-05-07,Paid Search,New,262.74,7426,309,2,120.37
2025-05-07,Social,VIP,322.19,41824,407,8,1416.01
2025-05-07,Social,Dormant,189.57,24723,244,0,0.0
2025-05-07,Display,New,157.41,54699,208,0,0.0
2025-05-07,Display,Returning,248.14,86837,341,2,157.5
2025-05-07,Display,Dormant,404.11,141127,602,1,44.51
2025-05-08,Email,VIP,101.63,8236,281,6,874.84
2025-05-08,Paid Search,New,183.71,5206,205,3,114.26
2025-05-08,Paid Search,VIP,542.33,15092,620,21,3166.99
2025-05-08,Paid Search,Dormant,183.66,5201,223,2,94.93
2025-05-08,Social,New,233.28,30936,301,0,0.0
2025-05-08,Social,Dormant,145.79,19265,188,1,43.54
2025-05-08,Display,New,228.97,79835,346,0,0.0
2025-05-08,Display,Returning,149.98,52238,235,0,0.0
2025-05-09,Email,VIP,164.16,13303,450,11,1821.43
2025-05-09,Email,Dormant,106.74,8433,289,3,107.59
2025-05-09,Paid Search,New,279.07,7745,325,4,257.9
2025-05-09,Paid Search,VIP,196.41,5627,206,10,1926.91
2025-05-09,Paid Search,Dormant,366.76,10170,424,5,279.48
2025-05-09,Social,VIP,175.41,22761,238,2,260.39
2025-05-09,Social,Dormant,214.62,27886,328,1,37.02
2025-05-09,Display,VIP,141.95,49654,216,4,380.88
2025-05-10,Email,VIP,195.26,15575,497,8,1679.97
2025-05-10,Paid Search,New,483.76,13505,540,9,766.59
2025-05-10,Paid Search,Returning,325.75,9142,330,3,354.79
2025-05-10,Paid Search,Dormant,245.06,6894,308,2,78.23
2025-05-10,Display,Returning,112.37,39531,150,1,103.96
2025-05-10,Display,VIP,245.13,85592,330,3,438.25
2025-05-11,Email,VIP,205.62,16372,580,10,1223.63
2025-05-11,Email,Dormant,124.18,10157,354,0,0.0
2025-05-11,Paid Search,New,245.29,6952,256,5,387.54
2025-05-11,Paid Search,Returning,203.87,5808,229,6,415.28
2025-05-11,Paid Search,VIP,399.69,11334,436,11,1489.28
2025-05-11,Paid Search,Dormant,323.35,9094,370,3,143.64
2025-05-11,Social,Returning,213.56,27899,301,2,145.85
2025-05-11,Social,VIP,147.93,19275,214,1,123.58
2025-05-11,Display,New,252.28,88179,329,3,158.99
2025-05-11,Display,Returning,154.97,54436,216,1,76.05
2025-05-11,Display,VIP,165.6,58088,204,4,706.42
2025-05-12,Email,Returning,93.95,7439,281,2,197.23
2025-05-12,Paid Search,New,217.87,6083,240,5,225.11
2025-05-12,Paid Search,VIP,503.29,14134,536,24,3012.81
2025-05-12,Paid Search,Dormant,265.83,7531,351,3,165.89
2025-05-12,Social,New,160.98,21113,205,0,0.0
2025-05-12,Social,VIP,166.7,21624,210,1,176.54
2025-05-12,Display,Returning,303.6,107075,421,2,164.6
2025-05-12,Display,Dormant,263.96,92329,360,1,40.26
2025-05-13,Email,New,178.11,14324,530,6,426.92
2025-05-13,Email,Dormant,131.3,10506,368,3,141.12
2025-05-13,Paid Search,New,291.25,8204,340,6,313.73
2025-05-13,Paid Search,Returning,448.41,12477,472,15,1635.14
2025-05-13,Paid Search,VIP,252.04,7072,295,13,1536.47
2025-05-13,Social,Dormant,205.2,26869,262,0,0.0
2025-05-13,Display,New,193.91,68572,267,0,0.0
2025-05-13,Display,Returning,183.49,64205,238,0,0.0
2025-05-14,Paid Search,Returning,144.05,4094,168,4,399.07
2025-05-14,Paid Search,VIP,260.58,7310,316,9,1473.88
2025-05-14,Social,New,196.73,25361,270,4,197.5
2025-05-14,Social,VIP,191.52,24881,238,3,460.6
2025-05-14,Display,Dormant,242.57,84644,362,1,40.53
2025-05-15,Email,Returning,143.08,11597,404,3,281.16
2025-05-15,Email,VIP,135.95,10899,390,5,599.04
2025-05-15,Email,Dormant,63.94,5221,174,0,0.0
2025-05-15,Paid Search,Returning,280.38,7861,315,9,578.53
2025-05-15,Paid Search,Dormant,364.51,10249,423,2,111.9
2025-05-15,Social,Returning,259.74,33535,325,7,600.54
2025-05-15,Social,VIP,268.88,34951,360,14,1903.82
2025-05-15,Display,Returning,125.3,43886,208,2,147.69
2025-05-16,Email,Returning,71.7,5679,191,2,132.89
2025-05-16,Email,Dormant,120.96,9869,346,1,42.73
2025-05-16,Paid Search,New,239.0,6815,280,7,588.35
2025-05-16,Paid Search,VIP,218.32,6070,259,11,1900.33
2025-05-16,Social,New,302.29,39436,412,3,101.46
2025-05-16,Social,VIP,267.84,35009,381,6,1211.47
2025-05-16,Social,Dormant,177.27,23094,215,1,55.42
2025-05-16,Display,New,176.05,61631,246,1,57.76
2025-05-16,Display,Returning,200.02,70137,285,0,0.0
2025-05-16,Display,VIP,75.91,26428,113,0,0.0
2025-05-17,Paid Search,New,260.45,7249,271,2,98.78
2025-05-17,Paid Search,Returning,244.81,6735,271,3,240.43
2025-05-17,Paid Search,VIP,250.72,7152,286,7,894.69
2025-05-17,Paid Search,Dormant,371.07,10499,386,4,167.04
2025-05-17,Social,New,371.38,48329,479,6,382.13
2025-05-17,Social,Returning,199.34,25969,250,5,403.04
2025-05-17,Social,VIP,333.05,43242,447,9,951.86
2025-05-17,Social,Dormant,188.83,24375,232,1,48.24
2025-05-17,Display,New,242.75,84969,342,2,104.92
2025-05-17,Display,Returning,252.86,88159,376,2,162.23
2025-05-17,Display,VIP,170.26,59160,233,2,245.23
2025-05-18,Email,Returning,59.19,4785,166,3,241.34
2025-05-18,Email,Dormant,119.52,9603,352,2,89.95
2025-05-18,Paid Search,New,223.53,6328,248,1,61.12
2025-05-18,Paid Search,Returning,552.57,15386,638,10,914.99
2025-05-18,Paid Search,VIP,230.31,6492,258,8,1459.69
2025-05-18,Paid Search,Dormant,252.28,7028,274,1,56.88
2025-05-18,Social,Returning,169.34,22200,250,2,212.15
2025-05-18,Social,Dormant,261.95,34080,353,3,105.32
2025-05-18,Display,Returning,131.01,46036,172,0,0.0
2025-05-18,Display,VIP,118.17,41394,164,1,153.97
2025-05-19,Email,New,136.52,10871,396,2,119.35
2025-05-19,Email,Returning,89.95,7405,275,0,0.0
2025-05-19,Email,VIP,126.77,10053,349,5,586.47
2025-05-19,Email,Dormant,184.38,14496,532,1,32.85
2025-05-19,Paid Search,New,321.47,9168,342,4,213.55
2025-05-19,Paid Search,Returning,301.61,8607,347,6,476.94
2025-05-19,Paid Search,Dormant,244.55,6971,297,3,112.77
2025-05-19,Social,New,200.62,26002,245,0,0.0
2025-05-19,Social,Returning,133.79,17472,156,2,148.66
2025-05-19,Social,VIP,250.24,32590,292,5,566.19
2025-05-19,Social,Dormant,167.51,21929,208,1,85.32
2025-05-19,Display,New,255.32,89691,330,0,0.0
2025-05-19,Display,Dormant,230.24,80449,328,0,0.0
2025-05-20,Email,New,109.77,8866,325,4,209.55
2025-05-20,Email,Returning,105.13,8548,309,4,294.1
2025-05-20,Paid Search,New,221.57,6284,259,1,64.08
2025-05-20,Paid Search,Returning,328.24,9079,374,4,265.97
2025-05-20,Paid Search,VIP,272.21,7550,306,5,823.23
2025-05-20,Social,New,227.05,29464,304,2,113.23
2025-05-20,Social,Returning,145.63,18853,186,1,74.02
2025-05-20,Social,VIP,258.04,33581,307,1,143.4
2025-05-20,Display,New,194.89,68429,299,0,0.0
2025-05-20,Display,Returning,90.74,31758,140,0,0.0
2025-05-20,Display,VIP,228.4,80012,312,1,123.33
2025-05-21,Email,New,163.2,13034,456,4,285.77
2025-05-21,Email,Returning,111.54,8905,294,4,346.43
2025-05-21,Email,Dormant,137.96,11139,399,2,99.49
2025-05-21,Paid Search,New,316.29,8810,345,2,85.78
2025-05-21,Paid Search,Returning,510.1,14465,593,10,701.31
2025-05-21,Paid Search,Dormant,391.81,10833,413,3,113.22
2025-05-21,Social,New,145.76,18957,186,0,0.0
2025-05-21,Social,Returning,165.39,21435,221,5,353.7
2025-05-21,Display,New,115.59,40210,162,1,48.21
2025-05-21,Display,Dormant,161.56,56620,217,0,0.0
2025-05-22,Email,Returning,137.35,11007,374,3,220.21
2025-05-22,Email,VIP,79.17,6400,226,6,815.9
2025-05-22,Paid Search,Returning,414.6,11591,459,2,114.84
2025-05-22,Paid Search,VIP,412.03,11539,467,21,2505.35
2025-05-22,Social,Returning,228.07,29696,281,1,84.36
2025-05-22,Social,VIP,168.9,22060,215,2,297.37
2025-05-22,Social,Dormant,256.19,33315,334,2,73.94
2025-05-22,Display,New,123.49,43459,168,1,83.34
2025-05-22,Display,Returning,141.84,49703,199,1,89.83
2025-05-22,Display,Dormant,254.78,89068,332,2,72.0
2025-05-23,Email,Returning,86.28,6921,234,2,173.33
2025-05-23,Email,VIP,124.5,10083,365,9,1476.03
2025-05-23,Paid Search,New,332.6,9335,397,3,149.19
2025-05-23,Paid Search,Returning,407.99,11507,458,9,793.22
2025-05-23,Paid Search,Dormant,336.02,9370,357,3,121.56
2025-05-23,Social,Returning,223.89,29017,276,3,221.02
2025-05-23,Social,VIP,173.36,22644,236,3,459.93
2025-05-23,Social,Dormant,185.97,24289,260,2,121.19
2025-05-23,Display,New,243.67,85480,352,1,63.67
2025-05-23,Display,Returning,169.19,59326,236,0,0.0
2025-05-23,Display,VIP,149.89,52513,198,2,336.24
2025-05-24,Email,New,127.87,10353,374,3,155.89
2025-05-24,Email,Returning,142.23,11157,390,7,402.66
2025-05-24,Email,VIP,152.23,12193,419,18,3133.99
2025-05-24,Paid Search,New,409.47,11419,457,2,85.27
2025-05-24,Paid Search,VIP,309.22,8625,345,13,1762.95
2025-05-24,Social,VIP,201.27,26316,281,5,813.74
2025-05-24,Social,Dormant,224.45,29052,296,0,0.0
2025-05-24,Display,Dormant,116.81,41179,132,2,103.85
2025-05-25,Email,Dormant,50.66,4090,147,1,49.94
2025-05-25,Paid Search,Dormant,303.86,8638,338,3,124.75
2025-05-25,Social,New,146.79,18943,184,1,52.48
2025-05-25,Social,VIP,335.59,43724,413,5,904.51
2025-05-25,Social,Dormant,217.06,28088,262,0,0.0
2025-05-25,Display,New,213.69,74649,308,1,54.96
2025-05-25,Display,VIP,150.52,52650,209,1,127.04
2025-05-26,Email,VIP,77.49,6168,220,4,879.6
2025-05-26,Paid Search,New,208.58,5759,215,4,167.63
2025-05-26,Paid Search,VIP,279.37,7643,274,14,2610.49
2025-05-26,Paid Search,Dormant,323.26,9038,338,3,143.12
2025-05-26,Social,New,135.1,17567,173,2,108.05
2025-05-26,Social,Returning,153.65,20006,199,3,181.42
2025-05-26,Social,VIP,266.02,34694,350,6,802.19
2025-05-26,Display,New,210.97,73753,276,2,125.22
2025-05-26,Display,Returning,156.72,54465,203,1,75.13
2025-05-27,Email,New,176.01,13924,478,6,346.79
2025-05-27,Email,VIP,75.95,6102,215,4,1056.56
2025-05-27,Email,Dormant,117.59,9272,350,1,43.33
2025-05-27,Social,New,189.12,24554,234,1,53.81
2025-05-27,Social,VIP,146.1,18950,173,9,1804.75
2025-05-27,Social,Dormant,193.41,24876,266,0,0.0
2025-05-27,Display,Returning,146.52,51454,201,0,0.0
2025-05-27,Display,Dormant,164.87,57953,216,1,61.25
2025-05-28,Email,New,78.34,6182,217,1,68.34
2025-05-28,Email,Returning,93.19,7460,258,6,607.0
2025-05-28,Email,VIP,110.95,8830,297,10,1530.81
2025-05-28,Paid Search,New,291.4,8063,305,2,80.0
2025-05-28,Paid Search,Returning,161.36,4437,174,5,341.95
2025-05-28,Social,Returning,237.95,30889,320,4,294.08
2025-05-28,Display,New,151.8,53083,243,1,57.21
2025-05-28,Display,Dormant,316.64,111267,437,0,0.0
2025-05-29,Email,Dormant,76.8,6208,213,2,68.32
2025-05-29,Paid Search,Returning,236.6,6631,265,7,586.6
2025-05-29,Paid Search,VIP,340.78,9601,373,12,1259.21
2025-05-29,Paid Search,Dormant,395.15,11134,468,1,47.84
2025-05-29,Social,Returning,200.99,25927,251,3,253.96
2025-05-29,Social,Dormant,166.27,21978,241,1,46.67
2025-05-29,Display,Returning,240.46,84348,347,3,141.12
2025-05-29,Display,VIP,173.34,60384,261,3,448.26
2025-05-29,Display,Dormant,247.89,86894,378,0,0.0
2025-05-30,Email,Returning,150.4,12042,436,5,513.19
2025-05-30,Email,VIP,129.6,10263,359,8,1186.41
2025-05-30,Paid Search,Returning,313.85,8639,335,3,243.06
2025-05-30,Paid Search,Dormant,261.32,7219,271,2,74.65
2025-05-30,Social,Returning,186.25,24524,232,1,126.13
2025-05-30,Display,Returning,161.16,56213,228,0,0.0
2025-05-30,Display,VIP,123.07,43340,164,1,162.12
2025-05-30,Display,Dormant,142.44,49778,204,1,34.62
2025-05-31,Email,New,121.14,9479,343,2,118.34
2025-05-31,Paid Search,Returning,237.96,6718,258,5,417.69
2025-05-31,Display,New,185.64,64709,257,0,0.0
2025-05-31,Display,Returning,214.48,75028,314,5,493.02
2025-05-31,Display,VIP,91.13,31852,125,0,0.0
2025-06-01,Email,Returning,124.92,10105,373,4,273.47
2025-06-01,Email,VIP,156.65,12484,407,11,1479.53
2025-06-01,Email,Dormant,178.53,14175,500,0,0.0
2025-06-01,Social,New,325.45,42395,454,2,111.89
2025-06-01,Social,Returning,219.97,28472,290,5,381.12
2025-06-01,Social,VIP,171.34,22143,218,6,768.82
2025-06-01,Social,Dormant,192.09,24975,227,0,0.0
2025-06-01,Display,Returning,97.3,34062,135,0,0.0
2025-06-01,Display,Dormant,154.09,53661,196,0,0.0
2025-06-02,Email,Returning,92.83,7378,255,5,343.21
2025-06-02,Email,VIP,92.32,7241,250,8,1286.75
2025-06-02,Email,Dormant,107.37,8598,314,4,192.48
2025-06-02,Paid Search,New,228.68,6427,259,4,283.78
2025-06-02,Paid Search,Returning,319.65,8929,401,9,769.97
2025-06-02,Paid Search,Dormant,159.15,4437,211,1,39.47
2025-06-02,Social,New,315.21,41132,428,2,111.34
2025-06-02,Display,Returning,187.36,65520,258,3,306.35
2025-06-02,Display,VIP,140.63,49393,221,4,558.0
2025-06-02,Display,Dormant,180.69,63392,267,3,155.08
2025-06-03,Paid Search,Returning,283.88,7891,307,10,602.17
2025-06-03,Paid Search,VIP,393.97,11039,454,14,2233.0
2025-06-03,Paid Search,Dormant,317.12,8760,345,1,47.18
2025-06-03,Social,New,267.09,34592,329,5,319.16
2025-06-03,Social,VIP,258.25,33682,357,7,1244.25
2025-06-03,Display,New,148.2,51590,214,0,0.0
2025-06-03,Display,Returning,145.66,50338,194,2,146.69
2025-06-03,Display,VIP,184.92,64573,218,2,294.19
2025-06-04,Email,Returning,113.61,9151,341,6,340.1
2025-06-04,Email,VIP,185.32,14735,501,11,1444.54
2025-06-04,Email,Dormant,126.28,10173,358,0,0.0
2025-06-04,Paid Search,Returning,356.86,9974,338,5,301.76
2025-06-04,Social,New,147.57,19121,211,0,0.0
2025-06-04,Social,VIP,399.03,51770,498,6,752.31
2025-06-04,Social,Dormant,173.5,22696,228,1,34.4
2025-06-04,Display,Returning,156.51,54751,215,1,77.52
2025-06-04,Display,Dormant,231.73,80476,306,1,54.21
2025-06-05,Email,VIP,227.58,18142,616,11,1508.64
2025-06-05,Email,Dormant,72.9,5861,192,1,39.69
2025-06-05,Paid Search,Returning,276.9,7788,267,6,459.28
2025-06-05,Paid Search,VIP,284.13,7873,311,8,1078.75
2025-06-05,Paid Search,Dormant,323.91,9113,383,4,183.38
2025-06-05,Social,New,250.2,32114,331,4,261.57
2025-06-05,Social,Returning,90.96,11845,114,1,69.8
2025-06-05,Social,VIP,404.53,52313,566,5,657.31
2025-06-05,Display,Dormant,164.73,57734,222,0,0.0
2025-06-06,Email,Returning,111.22,8978,307,2,153.83
2025-06-06,Email,VIP,172.11,13833,495,8,1125.6
2025-06-06,Email,Dormant,184.12,14859,500,3,130.27
2025-06-06,Paid Search,VIP,502.26,14143,597,12,1836.14
2025-06-06,Paid Search,Dormant,236.39,6767,234,3,117.46
2025-06-06,Social,Dormant,392.23,51496,553,0,0.0
2025-06-06,Display,VIP,137.93,48162,176,2,348.4
2025-06-06,Display,Dormant,148.74,51899,196,0,0.0
2025-06-07,Email,New,110.05,8961,313,6,272.95
2025-06-07,Email,Returning,188.06,15157,528,7,875.58
2025-06-07,Email,VIP,88.59,6919,241,6,801.8
2025-06-07,Email,Dormant,72.58,5864,203,2,97.81
2025-06-07,Paid Search,Returning,186.49,5206,195,3,235.13
2025-06-07,Paid Search,VIP,204.31,5730,238,9,1554.48
2025-06-07,Paid Search,Dormant,305.26,8521,337,2,151.1
2025-06-07,Social,New,151.15,19629,181,1,45.95
2025-06-07,Social,Returning,296.73,38201,399,3,243.16
2025-06-07,Social,VIP,395.89,51170,514,10,1113.37
2025-06-07,Display,Returning,323.09,113372,449,1,74.87
2025-06-07,Display,Dormant,185.92,64906,243,0,0.0
2025-06-08,Email,New,99.93,8018,297,3,142.52
2025-06-08,Email,Returning,119.79,9629,357,1,54.58
2025-06-08,Email,VIP,112.88,9014,308,7,1311.79
2025-06-08,Email,Dormant,122.73,9942,342,2,88.63
2025-06-08,Paid Search,New,254.94,6963,274,3,123.25
2025-06-08,Paid Search,Returning,743.8,21003,824,15,923.03
2025-06-08,Paid Search,VIP,446.59,12340,486,17,2590.91
2025-06-08,Paid Search,Dormant,337.33,9413,413,4,175.92
2025-06-08,Social,Returning,238.77,31206,335,6,330.2
2025-06-08,Social,VIP,175.79,23013,225,5,669.56
2025-06-08,Social,Dormant,154.62,19934,190,1,46.48
2025-06-08,Display,Dormant,245.5,86338,339,2,82.37
2025-06-09,Email,New,118.22,9359,343,7,337.63
2025-06-09,Email,VIP,118.22,9324,336,12,1430.54
2025-06-09,Paid Search,New,440.2,12356,501,3,166.72
2025-06-09,Paid Search,Returning,231.58,6402,258,7,821.24
2025-06-09,Paid Search,VIP,276.81,7845,331,11,1521.52
2025-06-09,Paid Search,Dormant,283.76,7954,300,2,92.47
2025-06-09,Social,Returning,177.9,23162,238,3,271.03
2025-06-09,Social,VIP,195.97,25409,274,6,735.12
2025-06-09,Display,Dormant,257.23,90178,361,0,0.0
2025-06-10,Email,New,142.49,11584,384,1,54.05
2025-06-10,Email,Returning,98.43,7806,259,4,292.62
2025-06-10,Email,Dormant,140.97,11187,383,2,103.37
2025-06-10,Paid Search,New,260.69,7249,314,4,245.42
2025-06-10,Paid Search,Returning,185.25,5147,218,11,646.62
2025-06-10,Display,Returning,162.37,56598,225,0,0.0
2025-06-11,Paid Search,New,415.34,11515,455,7,394.75
2025-06-11,Paid Search,VIP,391.27,10901,419,11,1716.78
2025-06-11,Display,New,144.57,50606,209,0,0.0
2025-06-11,Display,Returning,126.67,43797,177,0,0.0
2025-06-12,Social,Returning,171.58,22271,229,1,57.36
2025-06-12,Social,VIP,158.31,20541,193,1,126.08
2025-06-12,Display,Returning,141.82,49842,198,0,0.0
2025-06-12,Display,Dormant,264.33,92869,374,2,85.28
2025-06-13,Email,New,212.52,16884,604,6,388.3
2025-06-13,Email,Returning,143.54,11516,383,3,267.31
2025-06-13,Email,VIP,85.12,6760,247,5,754.3
2025-06-13,Paid Search,Returning,228.36,6358,271,10,587.45
2025-06-13,Paid Search,VIP,442.11,12438,514,16,2606.83
2025-06-13,Paid Search,Dormant,274.11,7546,311,2,72.82
2025-06-13,Social,New,223.47,28711,306,2,82.41
2025-06-13,Social,VIP,255.37,33241,317,6,849.63
2025-06-13,Display,New,129.34,45421,175,1,47.48
2025-06-13,Display,Returning,229.15,80277,328,4,277.9
2025-06-13,Display,VIP,168.55,58704,253,1,146.95
2025-06-14,Email,New,130.91,10580,388,2,118.23
2025-06-14,Email,Returning,88.84,7198,270,1,72.04
2025-06-14,Email,VIP,146.63,11656,414,11,1634.23
2025-06-14,Email,Dormant,83.02,6604,233,1,37.52
2025-06-14,Paid Search,New,270.46,7510,285,4,185.39
2025-06-14,Paid Search,VIP,388.39,11042,438,21,3089.19
2025-06-14,Social,New,342.12,44243,414,7,470.93
2025-06-14,Social,Returning,207.45,26779,239,5,341.49
2025-06-14,Social,VIP,140.04,18366,182,5,752.02
2025-06-14,Display,Returning,156.66,54755,232,4,351.88
2025-06-14,Display,VIP,131.35,45918,198,2,269.88
2025-06-15,Email,Returning,85.1,6802,212,0,0.0
2025-06-15,Email,Dormant,110.93,8866,317,2,111.45
2025-06-15,Paid Search,New,254.84,7063,313,8,447.67
2025-06-15,Paid Search,Returning,335.18,9381,379,15,1161.22
2025-06-15,Social,Dormant,413.73,53934,567,1,53.21
2025-06-15,Display,Returning,179.11,62466,235,0,0.0
2025-06-15,Display,Dormant,163.92,57173,234,0,0.0
2025-06-16,Email,Returning,87.5,6972,224,2,106.27
2025-06-16,Email,VIP,69.76,5592,192,3,334.35
2025-06-16,Social,New,292.78,38089,395,3,157.3
2025-06-16,Social,Returning,232.6,30149,316,2,186.62
2025-06-16,Social,VIP,333.27,43028,428,5,959.79
2025-06-16,Social,Dormant,279.31,36558,351,0,0.0
2025-06-16,Display,New,255.3,89987,348,4,213.41
2025-06-16,Display,VIP,162.82,56808,216,1,122.98
2025-06-17,Email,VIP,136.37,10944,378,11,2001.29
2025-06-17,Email,Dormant,68.84,5667,205,1,73.17
2025-06-17,Paid Search,Dormant,390.02,10943,432,1,51.07
2025-06-17,Social,VIP,288.03,37400,392,6,1009.79
2025-06-17,Display,Returning,254.0,88772,354,2,160.59
2025-06-17,Display,VIP,143.77,50576,216,6,1010.21
2025-06-17,Display,Dormant,132.47,46494,191,1,51.8
2025-06-18,Email,Returning,113.84,9034,305,2,206.37
2025-06-18,Email,VIP,108.48,8548,327,3,479.78
2025-06-18,Paid Search,Returning,228.93,6455,253,5,446.07
2025-06-18,Paid Search,VIP,271.12,7541,284,9,1406.46
2025-06-18,Paid Search,Dormant,287.82,7985,312,3,120.16
2025-06-18,Social,Returning,222.86,28976,295,3,284.71
2025-06-18,Social,VIP,209.42,27073,266,4,590.49
2025-06-18,Social,Dormant,258.3,33615,335,3,121.73
2025-06-18,Display,Returning,145.91,50810,207,0,0.0
2025-06-18,Display,VIP,219.15,77109,325,2,285.83
2025-06-19,Email,New,157.76,12512,437,4,148.36
2025-06-19,Email,Dormant,134.09,10878,400,3,139.05
2025-06-19,Paid Search,New,315.95,8862,379,8,392.71
2025-06-19,Paid Search,Returning,360.53,10056,369,4,284.45
2025-06-19,Paid Search,Dormant,234.85,6639,255,3,138.1
2025-06-19,Social,New,251.04,32745,340,2,133.67
2025-06-19,Social,VIP,291.3,37771,369,4,481.41
2025-06-19,Display,Returning,156.7,54809,240,1,79.68
2025-06-19,Display,VIP,144.27,50286,199,5,856.58
2025-06-20,Email,New,97.6,7899,264,1,46.92
2025-06-20,Email,Returning,167.58,13439,523,3,165.11
2025-06-20,Email,Dormant,82.14,6539,231,1,30.62
2025-06-20,Paid Search,New,219.0,6181,257,5,373.87
2025-06-20,Social,Returning,274.65,35659,358,5,344.3
2025-06-20,Social,VIP,248.4,32230,323,7,745.56
2025-06-20,Display,New,196.23,68471,279,3,149.31
2025-06-20,Display,VIP,199.47,70097,261,6,815.39
2025-06-20,Display,Dormant,216.77,76169,290,0,0.0
2025-06-21,Email,New,125.68,9962,353,3,211.94
2025-06-21,Paid Search,VIP,248.99,6963,280,9,1730.22
2025-06-21,Paid Search,Dormant,227.61,6336,236,0,0.0
2025-06-21,Social,New,315.52,41014,449,0,0.0
2025-06-21,Social,VIP,269.61,35064,330,12,2268.78
2025-06-21,Social,Dormant,212.68,27505,280,0,0.0
2025-06-21,Display,New,316.59,110581,442,2,116.1
2025-06-21,Display,VIP,109.45,38607,168,3,836.63
2025-06-22,Email,Returning,139.6,11170,396,5,384.3
2025-06-22,Email,VIP,103.7,8335,290,10,1195.06
2025-06-22,Email,Dormant,135.47,10914,386,3,167.42
2025-06-22,Paid Search,New,402.06,11273,450,8,430.6
2025-06-22,Paid Search,Dormant,184.21,5168,223,2,69.25
2025-06-22,Social,Returning,280.1,36193,358,5,319.12
2025-06-22,Display,Dormant,120.63,42624,169,1,36.12
2025-06-23,Email,Returning,122.37,10074,335,4,292.57
2025-06-23,Email,VIP,97.0,7714,258,4,793.91
2025-06-23,Paid Search,New,195.37,5533,182,4,268.08
2025-06-23,Paid Search,Returning,244.23,7015,310,2,170.02
2025-06-23,Paid Search,Dormant,372.74,10469,441,3,197.62
2025-06-23,Social,New,258.88,34071,349,4,182.19
2025-06-23,Social,VIP,186.86,24380,256,7,926.79
2025-06-23,Display,Returning,226.18,79318,335,2,211.22
2025-06-24,Email,New,134.81,10801,383,5,257.27
2025-06-24,Email,Dormant,125.5,9914,332,4,204.85
2025-06-24,Paid Search,Returning,231.67,6480,297,5,457.75
2025-06-24,Paid Search,VIP,273.67,7658,290,12,2479.93
2025-06-24,Paid Search,Dormant,267.96,7551,304,3,94.72
2025-06-24,Social,New,322.92,41781,450,0,0.0
2025-06-24,Social,Returning,192.09,25142,253,2,177.11
2025-06-24,Social,VIP,238.97,31010,327,7,1105.13
2025-06-24,Social,Dormant,276.75,36140,380,0,0.0
2025-06-24,Display,Returning,156.23,54991,191,1,97.65
2025-06-24,Display,Dormant,226.3,79152,317,1,36.56
2025-06-25,Email,New,70.89,5557,202,0,0.0
2025-06-25,Email,Returning,133.16,10803,365,2,144.27
2025-06-25,Email,Dormant,138.61,11247,386,1,58.32
2025-06-25,Paid Search,New,302.11,8315,316,6,499.86
2025-06-25,Paid Search,Returning,251.78,7197,276,3,157.53
2025-06-25,Paid Search,VIP,407.55,11361,425,11,2099.2
2025-06-25,Paid Search,Dormant,463.46,12875,515,5,158.76
2025-06-25,Display,VIP,134.2,47133,192,2,402.12
2025-06-26,Email,VIP,135.39,10881,380,13,2186.33
2025-06-26,Email,Dormant,112.9,9121,329,1,43.38
2025-06-26,Paid Search,VIP,301.32,8484,342,8,1296.65
2025-06-26,Social,VIP,230.84,29996,273,5,714.48
2025-06-26,Display,VIP,181.15,63849,289,4,559.88
2025-06-27,Email,Returning,173.62,13930,497,8,561.95
2025-06-27,Paid Search,Returning,350.49,9724,410,12,1319.75
2025-06-27,Paid Search,VIP,248.67,6987,265,9,1463.2
2025-06-27,Paid Search,Dormant,347.26,9663,379,3,154.54
2025-06-27,Social,New,147.2,18970,186,5,305.12
2025-06-27,Social,VIP,199.5,25740,288,4,363.03
2025-06-27,Social,Dormant,119.2,15389,153,0,0.0
2025-06-27,Display,New,227.96,79914,310,0,0.0
2025-06-27,Display,Returning,155.32,54751,195,0,0.0
2025-06-28,Paid Search,Returning,260.67,7260,295,5,298.78
2025-06-28,Paid Search,VIP,337.11,9470,418,24,4000.1
2025-06-28,Social,VIP,371.16,48473,492,9,1064.17
2025-06-29,Email,New,94.48,7503,287,2,76.86
2025-06-29,Email,Returning,89.33,7110,263,5,384.61
2025-06-29,Email,VIP,194.98,15423,560,13,1765.37
2025-06-29,Paid Search,New,242.22,6836,276,5,363.36
2025-06-29,Paid Search,VIP,359.82,9990,432,17,2312.73
2025-06-29,Social,Returning,348.28,45254,498,5,393.96
2025-06-29,Social,VIP,189.36,24541,249,2,463.94
2025-06-29,Display,New,207.27,71898,274,1,54.28
2025-06-29,Display,Returning,113.98,39957,141,1,135.98
2025-06-29,Display,VIP,169.21,59401,228,2,377.38
2025-06-30,Email,Returning,108.42,8685,309,3,199.38
2025-06-30,Email,Dormant,126.61,10089,335,0,0.0
2025-06-30,Paid Search,New,294.59,8171,327,4,179.91
2025-06-30,Paid Search,Returning,313.27,8829,339,3,248.88
2025-06-30,Paid Search,VIP,224.89,6325,259,8,1411.45
2025-06-30,Social,New,173.95,22735,227,1,45.94
2025-06-30,Social,Dormant,255.58,33108,337,1,46.23
2025-06-30,Display,Returning,147.05,51309,203,1,82.06
2025-06-30,Display,Dormant,110.73,38276,147,0,0.0
